Total I/Os per Second ,Total MBs per Second ,Average I/O Response Time (ms) ,Maximum I/O Response Time (ms) ,% CPU Utilization (total) ,Total Error Count ,
0.00,0.00,0.0000,0.0000,0.00 %,0,
13944.37,1743.05,9.1203,23.9077,2.76 %,0,
13968.30,1746.04,9.1698,24.7639,11.00 %,0,
13763.53,1720.44,9.2863,27.7425,3.29 %,0,
13653.33,1706.67,9.3796,22.3922,2.39 %,0,
13454.23,1681.78,9.5185,24.9864,1.46 %,0,
13431.71,1678.96,9.5289,29.8901,2.79 %,0,
13328.56,1666.07,9.6045,21.9361,2.44 %,0,
13179.19,1647.40,9.6983,24.1816,1.53 %,0,
13007.40,1625.93,9.8403,26.0364,2.83 %,0,
12806.09,1600.76,10.0060,26.3600,0.96 %,0,
12628.49,1578.56,10.1347,29.4973,1.70 %,0,
12482.09,1560.26,10.2554,27.7107,2.05 %,0,
12308.26,1538.53,10.3781,25.9122,1.32 %,0,
12039.84,1504.98,10.6445,26.2014,2.45 %,0,
11877.33,1484.67,10.7714,35.8353,2.13 %,0,
11669.29,1458.66,10.9714,24.9954,1.89 %,0,
11457.66,1432.21,11.1730,27.0843,2.23 %,0,
11155.86,1394.48,11.4762,31.5689,1.66 %,0,
10677.60,1334.70,11.9717,30.7288,1.71 %,0,
10151.50,1268.94,12.6224,33.2731,2.22 %,0,
9823.50,1227.94,13.0241,31.7263,1.80 %,0,
9471.27,1183.91,13.5105,38.4633,2.03 %,0,
9227.80,1153.48,13.8541,36.4914,1.85 %,0,
8990.76,1123.84,14.2278,36.7041,2.69 %,0,
8707.15,1088.39,14.7021,40.5177,2.43 %,0,
8460.98,1057.62,15.1285,37.1059,1.17 %,0,
8198.74,1024.84,15.6127,39.5382,1.91 %,0,
7737.73,967.22,16.5437,39.1072,1.77 %,0,
7507.67,938.46,17.0474,44.8790,2.13 %,0,
7564.19,945.52,16.9158,42.7970,1.39 %,0,
7497.53,937.19,17.0531,41.4782,1.40 %,0,
7293.48,911.68,17.5619,49.2907,2.33 %,0,
7378.42,922.30,17.3096,41.0426,2.55 %,0,
7380.18,922.52,17.3706,46.9641,1.61 %,0,
7220.92,902.61,17.7018,40.8354,1.05 %,0,
7147.96,893.50,17.9439,41.8089,4.26 %,0,
7363.95,920.49,17.3677,46.6032,2.82 %,0,
7369.43,921.18,17.3613,43.6798,1.74 %,0,
7382.45,922.81,17.3387,48.3473,1.04 %,0,
7573.61,946.70,16.9247,42.8545,2.66 %,0,
7411.57,926.45,17.2766,43.9550,1.50 %,0,
7650.43,956.30,16.6899,43.2989,1.15 %,0,
7878.61,984.83,16.2860,42.8261,2.70 %,0,
8156.14,1019.52,15.6983,42.5556,2.09 %,0,
8474.23,1059.28,15.0769,43.0317,2.12 %,0,
8632.84,1079.11,14.8616,38.0846,2.15 %,0,
8648.29,1081.04,14.8097,35.9657,2.53 %,0,
9001.20,1125.15,14.2030,40.0713,1.45 %,0,
9456.27,1182.03,13.5500,36.2421,3.25 %,0,
9608.92,1201.11,13.3199,29.1532,3.26 %,0,
9877.78,1234.72,12.9381,28.4647,3.69 %,0,
10130.84,1266.35,12.6571,33.8072,2.06 %,0,
10561.06,1320.13,12.1245,29.0265,0.78 %,0,
10616.57,1327.07,12.0527,29.0219,3.01 %,0,
11100.84,1387.61,11.5324,27.6263,2.46 %,0,
10916.50,1364.56,11.7367,26.0880,2.23 %,0,
11375.49,1421.94,11.2558,31.1476,1.04 %,0,
11369.06,1421.13,11.2491,24.8147,0.95 %,0,
11497.76,1437.22,11.1349,29.4848,2.01 %,0,
11654.40,1456.80,10.9896,31.3977,1.46 %,0,
11802.14,1475.27,10.8374,27.6751,1.71 %,0,
11901.87,1487.73,10.7552,25.0815,2.17 %,0,
11999.41,1499.93,10.6733,30.9427,2.14 %,0,
12032.04,1504.00,10.6315,26.8736,1.98 %,0,
12222.89,1527.86,10.4609,25.5987,0.98 %,0,
12236.92,1529.61,10.4796,27.6616,2.24 %,0,
12146.51,1518.31,10.5339,26.0913,2.90 %,0,
12340.65,1542.58,10.3696,21.4509,2.62 %,0,
12034.44,1504.31,10.6380,25.0041,1.85 %,0,
12096.58,1512.07,10.5678,29.4472,2.99 %,0,
12288.90,1536.11,10.4272,28.7493,2.17 %,0,
12129.92,1516.24,10.5449,25.2641,2.44 %,0,
11918.88,1489.86,10.7472,31.5501,3.83 %,0,
11925.10,1490.64,10.7366,26.7262,1.76 %,0,
11890.75,1486.34,10.7581,26.5891,2.19 %,0,
11704.25,1463.03,10.9262,28.3479,2.88 %,0,
11814.85,1476.86,10.8421,28.5634,2.68 %,0,
11675.02,1459.38,10.9709,27.2491,1.59 %,0,
11405.52,1425.69,11.1973,31.3901,2.08 %,0,
11385.01,1423.13,11.2341,27.2435,2.19 %,0,
11196.78,1399.60,11.4402,34.1765,2.03 %,0,
11128.83,1391.10,11.4854,29.6298,2.91 %,0,
10630.22,1328.78,12.0714,30.6672,3.45 %,0,
10556.67,1319.58,12.1188,28.8509,1.25 %,0,
10106.71,1263.34,12.6696,30.1390,2.13 %,0,
9798.58,1224.82,13.0373,35.1255,4.20 %,0,
9676.54,1209.57,13.2445,31.8580,3.77 %,0,
9579.75,1197.47,13.3458,32.4777,2.95 %,0,
9094.43,1136.80,14.0547,35.9503,2.25 %,0,
8739.05,1092.38,14.6431,37.2724,2.39 %,0,
8627.31,1078.41,14.8610,37.8506,3.14 %,0,
8520.91,1065.11,15.0276,39.7311,2.01 %,0,
7834.97,979.37,16.3192,37.4082,1.82 %,0,
8169.59,1021.20,15.6726,36.4915,1.54 %,0,
7895.71,986.96,16.1995,41.5708,1.55 %,0,
7766.99,970.87,16.4817,41.9304,1.29 %,0,
7826.55,978.32,16.3342,43.2989,3.00 %,0,
7602.00,950.25,16.8658,43.8394,2.57 %,0,
7586.22,948.28,16.8603,39.7273,1.28 %,0,
7656.39,957.05,16.6975,39.0286,1.87 %,0,
7677.96,959.74,16.6722,48.4245,3.17 %,0,
7385.92,923.24,17.3043,46.4529,2.22 %,0,
7579.74,947.47,16.9181,40.5201,3.23 %,0,
7699.80,962.48,16.6303,39.6662,3.65 %,0,
7675.24,959.40,16.6966,42.5285,3.34 %,0,
7645.55,955.69,16.7246,47.6919,2.48 %,0,
7849.74,981.22,16.2936,44.8122,2.29 %,0,
7849.24,981.16,16.3236,38.0891,2.54 %,0,
8159.83,1019.98,15.7013,41.2849,3.04 %,0,
8322.52,1040.31,15.3789,39.2608,3.63 %,0,
8626.78,1078.35,14.8390,37.0754,1.70 %,0,
8689.01,1086.13,14.7253,35.7571,2.90 %,0,
9199.54,1149.94,13.9277,38.5444,3.16 %,0,
9355.36,1169.42,13.6833,37.0220,3.66 %,0,
9650.90,1206.36,13.2588,33.3062,3.39 %,0,
9314.68,1164.34,13.7476,33.8506,2.78 %,0,
9620.17,1202.52,13.3044,33.0440,2.38 %,0,
9856.63,1232.08,12.9967,35.2840,4.21 %,0,
10143.57,1267.95,12.6070,30.4045,2.63 %,0,
10593.53,1324.19,12.0958,30.6103,1.16 %,0,
10397.47,1299.68,12.3028,31.5653,2.81 %,0,
10683.56,1335.44,11.9921,26.6206,1.50 %,0,
10936.26,1367.03,11.6974,29.5835,3.45 %,0,
10662.35,1332.79,11.9998,34.1611,3.40 %,0,
10886.08,1360.76,11.7719,32.4760,1.78 %,0,
10797.11,1349.64,11.8344,30.8637,2.85 %,0,
11021.65,1377.71,11.6255,34.7128,2.93 %,0,
11036.90,1379.61,11.6038,29.2802,1.26 %,0,
11034.97,1379.37,11.5985,27.6310,1.94 %,0,
11072.88,1384.11,11.5657,30.9968,1.84 %,0,
11102.23,1387.78,11.4972,27.2742,1.16 %,0,
11095.87,1386.98,11.5361,28.8104,0.95 %,0,
11103.88,1387.99,11.5312,28.7523,4.04 %,0,
10984.82,1373.10,11.6691,26.9780,1.93 %,0,
11025.56,1378.20,11.6163,29.6020,1.27 %,0,
10571.19,1321.40,12.0839,29.5789,2.47 %,0,
10575.10,1321.89,12.1150,28.7469,1.62 %,0,
10572.16,1321.52,12.1149,28.3997,1.53 %,0,
10568.66,1321.08,12.0960,30.3575,3.67 %,0,
10624.04,1328.00,12.0585,27.7734,0.34 %,0,
10411.31,1301.41,12.2762,31.4049,2.98 %,0,
9877.41,1234.68,12.9758,30.7609,3.14 %,0,
9911.94,1238.99,12.9101,37.3450,1.88 %,0,
9683.57,1210.45,13.2191,35.2033,2.13 %,0,
9588.58,1198.57,13.3374,35.4702,3.44 %,0,
9681.59,1210.20,13.2297,31.5222,2.39 %,0,
9640.85,1205.11,13.2583,32.3660,0.97 %,0,
9408.84,1176.10,13.6102,36.2925,2.44 %,0,
9454.97,1181.87,13.5437,34.3811,2.40 %,0,
9027.39,1128.42,14.1745,34.6166,1.77 %,0,
8708.56,1088.57,14.6783,37.7809,3.82 %,0,
8624.88,1078.11,14.8502,34.8088,1.94 %,0,
8532.25,1066.53,15.0076,34.7747,3.54 %,0,
8716.83,1089.60,14.6923,36.9227,3.32 %,0,
8704.75,1088.09,14.6904,35.7922,2.64 %,0,
8528.78,1066.10,15.0141,38.9815,3.63 %,0,
8354.97,1044.37,15.3186,38.6492,5.42 %,0,
8445.54,1055.69,15.1351,42.1217,1.93 %,0,
8133.81,1016.73,15.7441,38.6558,1.79 %,0,
8009.27,1001.16,15.9851,38.0203,2.68 %,0,
8011.72,1001.46,15.9563,44.8407,2.67 %,0,
8071.70,1008.96,15.8674,42.9931,1.69 %,0,
8014.65,1001.83,15.9796,40.1628,3.23 %,0,
7953.86,994.23,16.0774,39.2985,2.25 %,0,
8042.25,1005.28,15.9354,38.8435,3.83 %,0,
7994.87,999.36,15.9928,38.1090,1.16 %,0,
7931.73,991.47,16.1552,41.9350,4.93 %,0,
7887.24,985.90,16.2292,43.1944,2.65 %,0,
7938.47,992.31,16.1226,38.9818,2.26 %,0,
8211.19,1026.40,15.5752,39.3970,3.13 %,0,
8374.21,1046.78,15.2876,34.7283,2.54 %,0,
8630.93,1078.87,14.8490,34.7026,3.64 %,0,
8618.87,1077.36,14.8292,37.0624,1.77 %,0,
8664.05,1083.01,14.7645,39.2886,3.59 %,0,
9151.49,1143.94,13.9867,38.1783,3.35 %,0,
9354.31,1169.29,13.7062,35.8325,2.95 %,0,
9601.05,1200.13,13.3452,33.8212,3.59 %,0,
9487.87,1185.98,13.4875,33.4906,3.44 %,0,
9486.48,1185.81,13.4846,32.2776,3.05 %,0,
9652.06,1206.51,13.2778,32.8686,1.35 %,0,
9795.81,1224.48,13.0489,32.2085,3.85 %,0,
9722.44,1215.31,13.1686,34.0543,2.17 %,0,
9776.87,1222.11,13.1031,31.3848,2.81 %,0,
9951.90,1243.99,12.8517,32.7242,3.14 %,0,
10123.08,1265.39,12.6538,38.8354,2.92 %,0,
10542.59,1317.82,12.1334,30.4801,2.41 %,0,
10358.37,1294.80,12.3681,35.8936,2.85 %,0,
10455.07,1306.88,12.2469,34.4305,2.60 %,0,
10312.88,1289.11,12.4065,28.8096,1.73 %,0,
10549.93,1318.74,12.1328,30.9827,0.06 %,0,
10598.48,1324.81,12.0702,27.8472,2.03 %,0,
10608.42,1326.05,12.0755,27.1283,2.92 %,0,
10533.63,1316.70,12.1497,31.3522,2.52 %,0,
10553.45,1319.18,12.1078,27.7833,1.03 %,0,
9981.65,1247.71,12.8214,28.6984,2.03 %,0,
9803.28,1225.41,13.0775,31.1386,2.83 %,0,
10082.87,1260.36,12.6931,29.2760,1.06 %,0,
9677.53,1209.69,13.2219,32.4493,4.64 %,0,
9849.85,1231.23,12.9921,31.5331,4.18 %,0,
9728.47,1216.06,13.1627,30.5736,2.81 %,0,
9614.07,1201.76,13.3054,35.5661,4.14 %,0,
9444.90,1180.61,13.5517,34.8241,2.86 %,0,
9651.39,1206.42,13.2526,32.5521,3.90 %,0,
9749.14,1218.64,13.1337,35.7216,4.56 %,0,
9587.98,1198.50,13.3466,37.0457,3.71 %,0,
9441.39,1180.17,13.5610,35.2863,1.84 %,0,
9214.39,1151.80,13.8970,35.3495,3.86 %,0,
9353.17,1169.15,13.6898,40.4368,2.50 %,0,
8993.73,1124.22,14.2051,37.5025,1.31 %,0,
9030.25,1128.78,14.1940,36.2822,2.52 %,0,
8940.27,1117.53,14.3163,38.0305,2.89 %,0,
8678.75,1084.84,14.7395,34.4856,2.46 %,0,
8720.47,1090.06,14.6765,37.9745,2.37 %,0,
8716.56,1089.57,14.6794,34.4727,2.03 %,0,
8685.89,1085.74,14.7258,36.0147,3.84 %,0,
8802.99,1100.37,14.5386,43.9682,2.44 %,0,
8741.96,1092.75,14.6491,37.1686,3.04 %,0,
8470.16,1058.77,15.1071,39.7988,2.48 %,0,
8609.58,1076.20,14.8747,35.3127,3.09 %,0,
8625.74,1078.22,14.8465,40.0580,1.52 %,0,
8542.23,1067.78,14.9574,34.8601,1.78 %,0,
8409.05,1051.13,15.2318,38.2460,3.94 %,0,
8679.17,1084.90,14.7609,35.0607,3.53 %,0,
8694.64,1086.83,14.7135,33.4924,2.44 %,0,
8555.70,1069.46,14.9394,38.9551,2.82 %,0,
8382.55,1047.82,15.3102,40.5109,2.43 %,0,
8692.37,1086.55,14.7033,37.0094,1.03 %,0,
8746.35,1093.29,14.6310,38.0187,4.18 %,0,
8796.81,1099.60,14.5708,37.6578,5.08 %,0,
8900.29,1112.54,14.3690,33.7598,2.08 %,0,
9306.56,1163.32,13.7622,37.1022,2.08 %,0,
9413.88,1176.73,13.5854,35.5724,2.92 %,0,
9255.32,1156.92,13.8489,34.7802,2.12 %,0,
9483.39,1185.42,13.4981,33.0791,1.16 %,0,
9125.27,1140.66,14.0228,36.9738,4.47 %,0,
9348.66,1168.58,13.6896,38.7663,2.38 %,0,
9384.26,1173.03,13.6357,35.6569,2.81 %,0,
9410.50,1176.31,13.5997,31.9570,3.18 %,0,
9426.14,1178.27,13.5517,33.9200,3.37 %,0,
9602.79,1200.35,13.3653,33.4376,2.98 %,0,
9389.47,1173.68,13.6120,33.0356,3.25 %,0,
9700.25,1212.53,13.2078,36.8699,4.28 %,0,
9491.31,1186.41,13.4926,34.7440,4.61 %,0,
9677.93,1209.74,13.2179,32.9841,2.97 %,0,
9656.93,1207.12,13.2560,30.8978,4.79 %,0,
9441.54,1180.19,13.5518,33.6544,3.26 %,0,
9653.95,1206.74,13.2709,34.7808,2.64 %,0,
9601.75,1200.22,13.3262,30.5366,2.74 %,0,
9672.31,1209.04,13.2281,32.0267,1.99 %,0,
9620.81,1202.60,13.2847,32.3931,2.50 %,0,
9664.82,1208.10,13.2665,33.8239,4.70 %,0,
9586.94,1198.37,13.3242,34.7683,2.94 %,0,
9671.42,1208.93,13.2537,33.8856,3.38 %,0,
9575.45,1196.93,13.3682,42.6709,3.98 %,0,
9515.53,1189.44,13.4547,33.0425,5.03 %,0,
9540.03,1192.50,13.4217,32.9156,4.47 %,0,
9585.34,1198.17,13.3521,35.0487,4.47 %,0,
9595.10,1199.39,13.3489,31.2605,3.65 %,0,
9570.67,1196.33,13.3633,32.5189,2.15 %,0,
9571.63,1196.45,13.3707,36.5343,2.44 %,0,
9702.82,1212.85,13.1910,32.8785,2.87 %,0,
9575.46,1196.93,13.3794,36.3984,2.15 %,0,
9582.21,1197.78,13.3312,33.9018,2.80 %,0,
9270.19,1158.77,13.8317,35.2233,3.30 %,0,
9580.84,1197.60,13.3590,33.2466,2.85 %,0,
9576.60,1197.08,13.3591,34.2006,2.78 %,0,
9275.76,1159.47,13.8073,34.6634,2.75 %,0,
9259.20,1157.40,13.7945,35.3517,2.13 %,0,
9272.75,1159.09,13.8250,33.5270,2.28 %,0,
9236.92,1154.61,13.8685,32.6348,3.30 %,0,
9775.60,1221.95,13.0736,33.5254,2.67 %,0,
9615.40,1201.92,13.3266,32.4653,2.69 %,0,
9655.03,1206.88,13.2559,32.3724,2.21 %,0,
9591.27,1198.91,13.3232,38.1194,3.84 %,0,
9588.22,1198.53,13.3650,33.5461,3.90 %,0,
9596.08,1199.51,13.3523,34.8126,2.21 %,0,
9683.07,1210.38,13.2071,31.1072,2.85 %,0,
9510.85,1188.86,13.4537,36.0891,3.58 %,0,
9584.88,1198.11,13.3343,32.1610,3.60 %,0,
9484.49,1185.56,13.5243,34.7984,4.48 %,0,
9356.68,1169.58,13.6810,32.4167,2.35 %,0,
8970.24,1121.28,14.2618,36.3131,3.18 %,0,
8769.57,1096.20,14.5922,36.9074,2.80 %,0,
9051.41,1131.43,14.1180,30.2809,3.12 %,0,
9022.58,1127.82,14.2174,44.0627,4.91 %,0,
8903.39,1112.92,14.3564,36.2614,3.49 %,0,
8984.50,1123.06,14.2679,35.1194,2.86 %,0,
9036.90,1129.61,14.1467,32.6635,3.54 %,0,
8919.71,1114.96,14.3591,37.2014,2.90 %,0,
8888.54,1111.07,14.3837,39.3864,1.56 %,0,
8891.33,1111.42,14.3972,34.6044,3.91 %,0,
8958.00,1119.75,14.3100,37.2997,2.88 %,0,
8886.45,1110.81,14.4081,43.2016,2.93 %,0,
8730.54,1091.32,14.6436,37.6526,3.45 %,0,
8815.29,1101.91,14.5118,35.7378,2.29 %,0,
8951.36,1118.92,14.3222,35.0546,4.06 %,0,
8948.87,1118.61,14.2731,34.5117,3.52 %,0,
8938.32,1117.29,14.3360,39.5755,3.40 %,0,
8993.49,1124.19,14.2384,35.0896,2.94 %,0,
8927.96,1115.99,14.3370,33.5905,2.17 %,0,
8813.82,1101.73,14.5368,34.6570,3.31 %,0,
8788.64,1098.58,14.5462,41.2301,2.57 %,0,
8820.80,1102.60,14.5067,38.4606,1.08 %,0,
8743.73,1092.97,14.6484,36.4226,4.17 %,0,
8850.94,1106.37,14.4508,37.1392,2.95 %,0,
8947.14,1118.39,14.3126,43.8231,2.06 %,0,
9158.19,1144.77,13.9762,33.8454,1.96 %,0,
9368.87,1171.11,13.6680,34.1639,3.02 %,0,
9362.94,1170.37,13.6665,33.6753,2.30 %,0,
9359.50,1169.94,13.6798,36.8234,3.27 %,0,
9401.45,1175.18,13.6109,34.4896,2.21 %,0,
9376.75,1172.09,13.6249,34.4056,5.24 %,0,
9478.15,1184.77,13.5304,33.4816,1.90 %,0,
9231.50,1153.94,13.8520,35.2989,2.62 %,0,
9234.43,1154.30,13.8780,33.3516,2.85 %,0,
9064.53,1133.07,14.1242,34.5220,3.95 %,0,
9380.92,1172.62,13.6458,36.1152,4.65 %,0,
9393.03,1174.13,13.6054,36.8454,3.77 %,0,
9415.36,1176.92,13.6011,38.2276,2.72 %,0,
9433.97,1179.25,13.5867,31.6849,2.93 %,0,
9176.22,1147.03,13.9433,33.3804,2.95 %,0,
9373.36,1171.67,13.6587,34.7712,2.54 %,0,
9367.18,1170.90,13.6553,35.1106,3.35 %,0,
9449.85,1181.23,13.5567,33.5549,3.64 %,0,
9407.04,1175.88,13.5989,32.5855,2.43 %,0,
9344.84,1168.11,13.6742,39.9040,3.83 %,0,
9228.18,1153.52,13.8790,37.1317,4.10 %,0,
9183.25,1147.91,13.9463,35.2693,2.53 %,0,
9414.72,1176.84,13.5881,34.1793,2.49 %,0,
9451.86,1181.48,13.5287,34.5363,1.52 %,0,
9322.05,1165.26,13.7494,39.2656,3.56 %,0,
9334.05,1166.76,13.7248,35.8614,3.25 %,0,
9376.48,1172.06,13.6503,31.2292,2.77 %,0,
9217.44,1152.18,13.8547,36.3980,1.81 %,0,
9354.74,1169.34,13.7165,35.4966,1.62 %,0,
9594.05,1199.26,13.3382,36.8777,3.60 %,0,
9519.44,1189.93,13.4399,34.8478,3.49 %,0,
9693.29,1211.66,13.2126,32.8353,2.78 %,0,
9616.56,1202.07,13.3055,30.5879,2.96 %,0,
9448.77,1181.10,13.5376,32.6582,3.71 %,0,
9481.94,1185.24,13.5000,32.9011,1.56 %,0,
9463.62,1182.95,13.5352,34.6240,2.44 %,0,
9686.36,1210.79,13.2047,33.8197,2.97 %,0,
9685.10,1210.64,13.2029,34.3745,3.33 %,0,
9585.50,1198.19,13.3667,31.9766,2.37 %,0,
9665.69,1208.21,13.2518,32.4137,3.77 %,0,
9664.81,1208.10,13.2427,33.9157,3.37 %,0,
9592.66,1199.08,13.3404,31.4662,3.82 %,0,
9473.15,1184.14,13.5146,31.9937,2.77 %,0,
9577.21,1197.15,13.3557,35.4850,3.66 %,0,
9612.39,1201.55,13.2638,34.5120,3.74 %,0,
9684.67,1210.58,13.2646,36.9299,3.19 %,0,
9557.71,1194.71,13.4016,37.6895,3.27 %,0,
9471.93,1183.99,13.5128,32.8372,3.90 %,0,
9755.48,1219.43,13.1199,38.0713,3.29 %,0,
9651.07,1206.38,13.2502,32.3782,3.25 %,0,
9611.17,1201.40,13.3234,34.8816,3.38 %,0,
9677.05,1209.63,13.2348,35.5047,4.34 %,0,
9593.86,1199.23,13.3339,31.5331,3.80 %,0,
9656.19,1207.02,13.2564,33.4474,4.77 %,0,
9666.88,1208.36,13.2435,39.1184,2.42 %,0,
9412.33,1176.54,13.6013,31.2227,3.36 %,0,
9365.05,1170.63,13.6664,32.4828,3.18 %,0,
9404.21,1175.53,13.6156,39.7387,2.32 %,0,
9332.94,1166.62,13.7085,39.0889,4.98 %,0,
9145.25,1143.16,13.9858,34.7859,0.49 %,0,
8907.90,1113.49,14.3655,36.2055,2.21 %,0,
8857.00,1107.12,14.4623,35.4593,3.04 %,0,
8532.98,1066.62,14.9963,39.1548,4.74 %,0,
8531.93,1066.49,14.9960,36.2551,3.60 %,0,
8718.46,1089.81,14.6819,35.1810,1.71 %,0,
8492.92,1061.62,15.0652,33.8661,4.15 %,0,
8643.70,1080.46,14.8124,34.7595,3.19 %,0,
8714.08,1089.26,14.6854,38.2278,2.94 %,0,
8453.76,1056.72,15.1103,36.3118,2.50 %,0,
8526.52,1065.82,15.0451,37.4932,2.84 %,0,
8630.46,1078.81,14.8248,37.9605,1.08 %,0,
8638.09,1079.76,14.8318,39.9059,2.13 %,0,
8645.82,1080.73,14.7872,35.7192,3.74 %,0,
8516.04,1064.50,15.0349,39.7842,2.54 %,0,
8560.99,1070.12,14.9530,38.8688,4.57 %,0,
8566.42,1070.80,14.9421,37.5765,3.77 %,0,
8617.66,1077.21,14.8357,37.8827,3.01 %,0,
8994.78,1124.35,14.2497,36.8053,3.81 %,0,
9124.47,1140.56,14.0167,34.8451,3.40 %,0,
9356.45,1169.56,13.6989,36.9880,2.18 %,0,
9335.60,1166.95,13.7106,36.0657,3.44 %,0,
9225.32,1153.17,13.8750,32.1192,2.37 %,0,
9455.44,1181.93,13.5419,33.7694,2.49 %,0,
9607.35,1200.92,13.3221,33.2969,3.15 %,0,
9599.39,1199.92,13.2956,35.4922,3.42 %,0,
9484.48,1185.56,13.5373,33.7715,4.51 %,0,
9463.33,1182.92,13.4893,34.5323,3.89 %,0,
9586.29,1198.29,13.3891,32.0744,3.57 %,0,
9380.04,1172.51,13.6351,31.7988,2.36 %,0,
9630.95,1203.87,13.2847,36.9591,3.16 %,0,
9496.73,1187.09,13.4836,35.3005,4.19 %,0,
9595.81,1199.48,13.3486,34.0024,4.48 %,0,
9633.88,1204.23,13.2677,39.4375,3.07 %,0,
9611.60,1201.45,13.3142,35.3686,2.76 %,0,
9619.85,1202.48,13.3151,32.3328,3.06 %,0,
9653.45,1206.68,13.2598,32.7438,2.77 %,0,
9598.25,1199.78,13.3476,33.2313,2.69 %,0,
9582.19,1197.77,13.3204,34.3260,3.80 %,0,
9589.31,1198.66,13.3778,34.7330,4.47 %,0,
9580.69,1197.59,13.3624,32.2363,3.00 %,0,
9464.59,1183.07,13.5185,33.2539,3.89 %,0,
9518.58,1189.82,13.4356,35.9047,3.25 %,0,
9388.68,1173.58,13.6346,35.1512,0.93 %,0,
9582.62,1197.83,13.3686,33.2125,4.38 %,0,
9670.03,1208.75,13.2335,32.8585,3.76 %,0,
9577.14,1197.14,13.3684,36.7039,2.25 %,0,
9681.90,1210.24,13.2314,32.8443,4.10 %,0,
9614.12,1201.76,13.3098,33.0670,1.91 %,0,
9288.66,1161.08,13.7646,33.5984,5.43 %,0,
9543.01,1192.88,13.4251,33.9138,3.50 %,0,
9354.93,1169.37,13.6409,33.9211,2.20 %,0,
8885.68,1110.71,14.4321,36.0431,1.77 %,0,
8976.35,1122.04,14.2641,36.7764,1.38 %,0,
8962.48,1120.31,14.2813,36.6938,2.86 %,0,
8883.20,1110.40,14.3887,34.7211,2.47 %,0,
8757.90,1094.74,14.6009,37.7432,2.62 %,0,
8884.77,1110.60,14.4461,36.0923,3.70 %,0,
8931.87,1116.48,14.3241,33.7137,2.47 %,0,
8896.92,1112.12,14.3756,38.6555,2.53 %,0,
8880.50,1110.06,14.4123,35.4554,1.73 %,0,
8878.45,1109.81,14.4286,39.1203,2.08 %,0,
8768.49,1096.06,14.5958,41.7397,3.59 %,0,
8792.86,1099.11,14.5568,38.8163,2.18 %,0,
8638.51,1079.81,14.7793,34.8759,2.94 %,0,
8783.36,1097.92,14.5998,37.4019,2.67 %,0,
8850.93,1106.37,14.4804,34.4979,2.76 %,0,
8866.65,1108.33,14.4277,37.7830,3.00 %,0,
8991.82,1123.98,14.2206,37.5016,3.89 %,0,
8795.03,1099.38,14.5123,37.9137,2.84 %,0,
8472.38,1059.05,15.1294,39.2796,2.57 %,0,
8879.65,1109.96,14.4426,36.3101,4.04 %,0,
8821.42,1102.68,14.5187,36.0116,2.49 %,0,
8753.08,1094.13,14.5990,41.1366,2.03 %,0,
8945.12,1118.14,14.3200,33.8917,2.63 %,0,
8884.89,1110.61,14.4186,36.3444,2.33 %,0,
8984.41,1123.05,14.2093,34.8355,1.90 %,0,
8725.00,1090.62,14.7040,36.2020,3.20 %,0,
8954.39,1119.30,14.2905,34.1697,3.25 %,0,
8864.28,1108.04,14.4280,38.0239,1.66 %,0,
8897.98,1112.25,14.3888,35.7769,3.62 %,0,
8771.10,1096.39,14.5964,36.3158,3.39 %,0,
9036.46,1129.56,14.1877,36.7872,5.34 %,0,
9341.94,1167.74,13.6956,33.9541,0.91 %,0,
9433.61,1179.20,13.5448,36.8846,2.58 %,0,
9458.01,1182.25,13.5534,39.7660,2.85 %,0,
9601.08,1200.13,13.3319,29.9406,3.54 %,0,
9600.51,1200.06,13.3204,34.6916,3.55 %,0,
9525.49,1190.69,13.4335,43.6449,2.37 %,0,
9589.38,1198.67,13.3725,31.6229,4.71 %,0,
9638.97,1204.87,13.2455,33.0903,3.91 %,0,
9595.41,1199.43,13.3490,32.3360,3.17 %,0,
9594.48,1199.31,13.3433,40.0603,1.01 %,0,
9582.11,1197.76,13.3684,32.5755,3.72 %,0,
9573.70,1196.71,13.3583,37.3056,3.31 %,0,
9652.33,1206.54,13.2730,32.2155,4.37 %,0,
9427.98,1178.50,13.5654,37.4946,2.24 %,0,
9449.46,1181.18,13.5645,34.2107,3.11 %,0,
9740.56,1217.57,13.1032,35.8774,2.76 %,0,
9678.75,1209.84,13.2580,33.0259,4.63 %,0,
9662.30,1207.79,13.2395,36.5830,4.17 %,0,
9629.04,1203.63,13.2718,32.6095,1.81 %,0,
9524.38,1190.55,13.4555,40.2399,3.77 %,0,
9313.65,1164.21,13.7472,39.9536,3.29 %,0,
9566.39,1195.80,13.3836,35.9498,2.57 %,0,
9678.37,1209.80,13.2006,31.2795,5.18 %,0,
9603.52,1200.44,13.3535,32.1151,1.97 %,0,
9659.46,1207.43,13.2492,32.6185,3.14 %,0,
9577.34,1197.17,13.3648,31.8373,2.73 %,0,
9665.74,1208.22,13.2240,33.9845,3.72 %,0,
9710.92,1213.86,13.1937,32.7310,4.50 %,0,
9588.59,1198.57,13.3367,31.8225,2.60 %,0,
9593.34,1199.17,13.3643,31.1493,2.51 %,0,
9595.11,1199.39,13.3280,33.2020,2.43 %,0,
9286.42,1160.80,13.7949,36.5952,2.15 %,0,
9550.49,1193.81,13.3875,35.9473,2.52 %,0,
9591.58,1198.95,13.3638,32.4154,2.77 %,0,
9680.33,1210.04,13.2098,34.0180,4.10 %,0,
9567.79,1195.97,13.3678,32.7118,3.28 %,0,
9437.39,1179.67,13.5705,33.6176,4.06 %,0,
9196.74,1149.59,13.9151,36.9001,2.24 %,0,
8961.45,1120.18,14.2881,38.5864,2.58 %,0,
8855.81,1106.98,14.4462,34.9580,3.12 %,0,
8894.81,1111.85,14.3789,33.5541,2.40 %,0,
8972.16,1121.52,14.2850,35.4766,4.15 %,0,
8912.78,1114.10,14.3523,36.1329,3.01 %,0,
8887.41,1110.93,14.3888,37.8548,3.33 %,0,
8481.99,1060.25,15.0901,41.7549,2.11 %,0,
8605.14,1075.64,14.9044,34.1606,2.91 %,0,
8594.83,1074.35,14.8755,37.9039,2.60 %,0,
8590.50,1073.81,14.8610,39.7378,3.47 %,0,
8494.05,1061.76,15.1101,36.5577,1.74 %,0,
8488.76,1061.10,15.0785,37.3175,3.46 %,0,
8618.53,1077.32,14.8495,40.4949,2.66 %,0,
8640.81,1080.10,14.8101,37.1983,1.46 %,0,
8645.12,1080.64,14.7966,38.4605,2.90 %,0,
8623.36,1077.92,14.8470,38.6225,6.07 %,0,
8662.85,1082.86,14.8006,35.4206,2.12 %,0,
8644.80,1080.60,14.7975,35.9100,2.68 %,0,
8721.50,1090.19,14.6572,39.0070,2.62 %,0,
8747.85,1093.48,14.6513,36.9801,2.51 %,0,
8637.75,1079.72,14.7941,37.2369,4.09 %,0,
8845.32,1105.66,14.4896,41.6325,2.37 %,0,
8868.83,1108.60,14.4103,35.7847,2.99 %,0,
8967.59,1120.95,14.2972,36.1695,3.71 %,0,
8948.19,1118.52,14.3127,33.7856,2.92 %,0,
9486.92,1185.87,13.4782,34.1162,4.73 %,0,
9432.06,1179.01,13.5874,33.3550,2.93 %,0,
9652.96,1206.62,13.2567,30.9371,3.00 %,0,
9429.89,1178.74,13.5692,36.1014,4.64 %,0,
9446.76,1180.85,13.5432,31.4919,3.55 %,0,
9717.59,1214.70,13.1817,32.7966,4.32 %,0,
9592.60,1199.08,13.3272,37.3840,2.48 %,0,
9457.82,1182.23,13.5357,31.6923,2.29 %,0,
9580.65,1197.58,13.3671,34.9265,3.02 %,0,
9555.48,1194.44,13.4028,33.6489,2.13 %,0,
9645.40,1205.68,13.2519,34.9298,2.88 %,0,
9431.18,1178.90,13.5719,36.9061,3.83 %,0,
9623.88,1202.98,13.3139,33.0287,4.11 %,0,
9573.66,1196.71,13.3791,36.9986,2.72 %,0,
9592.93,1199.12,13.3315,33.7225,4.05 %,0,
9573.20,1196.65,13.3601,35.0483,2.90 %,0,
9641.61,1205.20,13.2857,31.7831,4.45 %,0,
9611.53,1201.44,13.3149,38.1842,2.50 %,0,
9618.71,1202.34,13.3198,33.2773,1.97 %,0,
9472.27,1184.03,13.5074,34.2646,3.59 %,0,
9591.21,1198.90,13.3219,33.3701,2.26 %,0,
9601.50,1200.19,13.3182,31.2245,3.66 %,0,
9648.73,1206.09,13.2632,33.4862,3.57 %,0,
9424.93,1178.12,13.6181,35.1209,3.87 %,0,
9640.77,1205.10,13.2828,34.0066,3.92 %,0,
9587.52,1198.44,13.3160,38.1091,2.43 %,0,
9670.92,1208.86,13.2437,41.3821,4.23 %,0,
9432.91,1179.11,13.5816,31.8021,3.81 %,0,
9615.88,1201.99,13.3101,30.7274,2.26 %,0,
9527.07,1190.88,13.4201,36.0266,2.71 %,0,
9582.89,1197.86,13.3781,37.4960,3.92 %,0,
9772.98,1221.62,13.0973,31.7298,1.60 %,0,
9674.15,1209.27,13.2287,33.7183,3.58 %,0,
9635.11,1204.39,13.2933,32.9434,2.64 %,0,
9559.32,1194.92,13.3786,30.6091,1.98 %,0,
9449.93,1181.24,13.5419,33.2602,2.16 %,0,
9461.54,1182.69,13.5286,37.8336,2.34 %,0,
9604.53,1200.57,13.3340,32.2054,2.73 %,0,
9593.09,1199.14,13.3335,30.2515,1.72 %,0,
9575.89,1196.99,13.3500,33.5158,3.40 %,0,
9596.96,1199.62,13.3433,33.6692,2.44 %,0,
9497.31,1187.16,13.4983,32.6543,3.58 %,0,
9474.96,1184.37,13.5023,32.1778,3.56 %,0,
9371.98,1171.50,13.6626,37.1128,2.95 %,0,
9442.14,1180.27,13.5571,36.5628,3.32 %,0,
9369.06,1171.13,13.6432,36.1367,3.18 %,0,
9388.54,1173.57,13.6480,33.7354,3.12 %,0,
9473.55,1184.19,13.5163,35.5931,2.91 %,0,
9029.60,1128.70,14.1508,41.0962,3.16 %,0,
8819.52,1102.44,14.5111,35.1479,2.01 %,0,
8567.14,1070.89,14.9635,35.4193,3.23 %,0,
8709.77,1088.72,14.6913,35.1508,1.92 %,0,
8686.17,1085.77,14.7027,39.3029,1.50 %,0,
8618.30,1077.29,14.8817,36.3190,3.06 %,0,
8618.97,1077.37,14.8496,36.5002,4.33 %,0,
8746.37,1093.30,14.6358,36.3263,2.63 %,0,
8444.15,1055.52,15.1333,46.1266,2.86 %,0,
8456.45,1057.06,15.1673,42.1883,3.25 %,0,
8580.52,1072.57,14.9107,35.6196,2.78 %,0,
8749.96,1093.75,14.6194,33.7306,3.86 %,0,
8629.07,1078.63,14.8267,41.4291,3.44 %,0,
8719.92,1089.99,14.6938,40.3950,2.11 %,0,
8655.43,1081.93,14.7791,36.5626,3.15 %,0,
8538.85,1067.36,14.9752,38.5044,2.63 %,0,
8666.12,1083.27,14.8016,35.5229,3.97 %,0,
8644.00,1080.50,14.7576,36.9962,3.32 %,0,
8572.66,1071.58,14.9521,40.6239,2.85 %,0,
8619.47,1077.43,14.8687,35.3927,2.01 %,0,
8768.19,1096.02,14.5841,37.2235,2.61 %,0,
8879.13,1109.89,14.3996,34.1898,2.78 %,0,
8587.28,1073.41,14.9300,39.8395,4.28 %,0,
9340.17,1167.52,13.7167,35.2160,3.14 %,0,
9396.82,1174.60,13.6314,33.8295,4.49 %,0,
9623.11,1202.89,13.2759,33.3916,2.53 %,0,
9538.79,1192.35,13.4318,38.1301,2.66 %,0,
9584.28,1198.03,13.3650,33.0312,3.51 %,0,
9585.72,1198.22,13.3302,34.9742,2.15 %,0,
9591.78,1198.97,13.3669,33.5241,0.85 %,0,
9447.87,1180.98,13.5455,34.0882,4.40 %,0,
9595.89,1199.49,13.3331,38.4091,3.33 %,0,
9519.16,1189.89,13.4445,35.4157,3.16 %,0,
9558.78,1194.85,13.4000,36.0384,3.43 %,0,
9681.97,1210.25,13.2212,39.4509,3.86 %,0,
9604.69,1200.59,13.3297,34.2492,3.54 %,0,
9587.00,1198.37,13.3283,32.3264,3.41 %,0,
9608.64,1201.08,13.3432,38.9964,4.24 %,0,
9653.73,1206.72,13.2566,36.9986,2.02 %,0,
9604.19,1200.52,13.3325,32.0907,2.45 %,0,
9573.98,1196.75,13.3510,32.7984,3.88 %,0,
9599.89,1199.99,13.3400,34.1944,3.98 %,0,
9614.34,1201.79,13.3039,34.0761,1.66 %,0,
9635.43,1204.43,13.2747,34.8418,2.67 %,0,
9605.67,1200.71,13.3419,33.9982,2.83 %,0,
9451.33,1181.42,13.5445,31.5820,2.96 %,0,
9553.07,1194.13,13.3943,35.6183,2.93 %,0,
9441.30,1180.16,13.5633,32.0235,4.61 %,0,
9683.96,1210.50,13.2091,34.0892,3.36 %,0,
9593.04,1199.13,13.3524,34.0091,3.93 %,0,
9602.17,1200.27,13.3216,34.3358,1.84 %,0,
9419.80,1177.47,13.6012,34.7295,3.64 %,0,
9615.77,1201.97,13.3102,31.1958,2.42 %,0,
9399.28,1174.91,13.5972,34.5851,2.89 %,0,
9467.04,1183.38,13.5358,34.6695,1.76 %,0,
9377.29,1172.16,13.6225,34.0485,1.12 %,0,
9345.88,1168.23,13.7216,37.9189,4.57 %,0,
9375.23,1171.90,13.6531,33.7532,2.19 %,0,
9375.40,1171.92,13.6396,32.1911,2.05 %,0,
9080.38,1135.05,14.0829,34.0087,2.07 %,0,
8926.98,1115.87,14.3475,38.6201,2.83 %,0,
9032.44,1129.06,14.1748,35.9087,3.08 %,0,
8779.86,1097.48,14.5889,39.6379,3.38 %,0,
8934.27,1116.78,14.3377,37.3095,2.99 %,0,
8891.14,1111.39,14.3815,32.2451,3.97 %,0,
8879.48,1109.94,14.4230,38.1656,4.15 %,0,
8865.23,1108.15,14.4210,36.4187,2.89 %,0,
8906.18,1113.27,14.3620,36.7139,2.90 %,0,
8807.52,1100.94,14.5314,37.0716,1.93 %,0,
8725.22,1090.65,14.6909,40.2621,3.69 %,0,
9023.21,1127.90,14.1711,40.0674,2.48 %,0,
8944.29,1118.04,14.3321,33.9295,2.27 %,0,
8866.24,1108.28,14.4223,37.3866,2.56 %,0,
9056.88,1132.11,14.1350,35.0448,3.55 %,0,
9027.68,1128.46,14.1856,36.8793,3.48 %,0,
9029.14,1128.64,14.1777,38.8004,2.42 %,0,
9333.56,1166.69,13.6869,35.0670,2.45 %,0,
9376.62,1172.08,13.6515,34.0648,3.62 %,0,
9138.08,1142.26,14.0211,36.3201,2.51 %,0,
9241.29,1155.16,13.8665,34.8043,4.46 %,0,
9503.67,1187.96,13.4684,35.7345,4.47 %,0,
9399.69,1174.96,13.6071,33.3038,1.98 %,0,
9216.86,1152.11,13.8878,35.8771,2.00 %,0,
9341.37,1167.67,13.7088,33.0912,3.69 %,0,
9442.80,1180.35,13.5520,34.2216,3.30 %,0,
9214.06,1151.76,13.8665,35.5033,3.30 %,0,
9350.50,1168.81,13.7004,35.5904,2.15 %,0,
9446.68,1180.83,13.5606,35.3565,3.65 %,0,
9203.20,1150.40,13.9144,38.3972,2.88 %,0,
9378.73,1172.34,13.6496,36.6442,2.91 %,0,
9391.42,1173.93,13.6219,35.4104,2.52 %,0,
9214.76,1151.85,13.9064,33.4045,3.41 %,0,
9364.56,1170.57,13.6599,34.0529,3.31 %,0,
9365.96,1170.74,13.6661,37.5828,3.96 %,0,
9445.87,1180.73,13.5503,32.8728,2.99 %,0,
9384.83,1173.10,13.6362,32.0931,4.32 %,0,
9452.25,1181.53,13.5473,32.4188,1.66 %,0,
9322.06,1165.26,13.7184,36.9511,2.38 %,0,
9271.24,1158.91,13.7886,35.5085,4.52 %,0,
8790.69,1098.84,14.5544,36.0473,3.31 %,0,
9447.30,1180.91,13.5842,34.6982,2.07 %,0,
9396.50,1174.56,13.6186,35.0192,3.08 %,0,
9463.78,1182.97,13.5087,30.1564,2.51 %,0,
9438.18,1179.77,13.5587,34.5035,2.89 %,0,
9375.29,1171.91,13.6635,31.1024,2.12 %,0,
9370.85,1171.36,13.6577,35.3981,2.10 %,0,
9363.00,1170.38,13.6670,32.6063,2.82 %,0,
9445.59,1180.70,13.5647,30.7565,2.14 %,0,
9353.06,1169.13,13.6677,34.0363,3.62 %,0,
9222.92,1152.87,13.8962,38.7525,2.70 %,0,
9097.24,1137.16,14.0504,37.5530,3.17 %,0,
8952.02,1119.00,14.3041,40.0274,4.38 %,0,
8693.51,1086.69,14.7130,44.7562,4.65 %,0,
8869.38,1108.67,14.4417,35.6606,4.31 %,0,
8877.43,1109.68,14.4210,36.2653,3.33 %,0,
8899.34,1112.42,14.3727,42.2756,2.82 %,0,
8927.75,1115.97,14.3604,45.1781,3.09 %,0,
8903.07,1112.88,14.3745,39.0146,2.91 %,0,
8565.51,1070.69,14.9364,41.6401,3.50 %,0,
8865.32,1108.16,14.4409,40.9243,2.62 %,0,
8896.47,1112.06,14.3786,36.8075,2.93 %,0,
9321.02,1165.13,13.7418,33.5878,2.77 %,0,
9455.89,1181.99,13.5373,39.4117,3.10 %,0,
9046.05,1130.76,14.1426,33.9097,3.96 %,0,
9192.32,1149.04,13.9097,35.5800,2.48 %,0,
9324.29,1165.54,13.7494,34.0509,4.16 %,0,
9377.15,1172.14,13.6556,32.3669,1.87 %,0,
9363.26,1170.41,13.6530,36.9541,2.79 %,0,
9351.51,1168.94,13.6891,40.2546,3.60 %,0,
9433.95,1179.24,13.5772,32.6135,2.68 %,0,
9402.12,1175.26,13.6072,34.6516,3.42 %,0,
9441.35,1180.17,13.5533,33.6419,3.62 %,0,
9372.61,1171.58,13.6538,38.1584,3.54 %,0,
9460.47,1182.56,13.5389,31.5315,4.97 %,0,
9353.82,1169.23,13.6798,34.5726,2.65 %,0,
9375.42,1171.93,13.6644,34.5371,3.42 %,0,
9360.27,1170.03,13.6543,33.6813,3.13 %,0,
9256.05,1157.01,13.8245,33.4195,0.86 %,0,
9336.05,1167.01,13.7174,34.5617,2.22 %,0,
9084.65,1135.58,14.0645,37.9359,1.38 %,0,
9229.21,1153.65,13.8996,37.9750,2.40 %,0,
9283.56,1160.45,13.7737,38.4132,2.61 %,0,
9327.84,1165.98,13.7363,34.8577,3.53 %,0,
9347.52,1168.44,13.6951,35.8482,3.89 %,0,
9367.92,1170.99,13.6308,37.9033,2.61 %,0,
8911.81,1113.98,14.3914,38.8008,1.89 %,0,
8953.98,1119.25,14.2602,34.8587,3.04 %,0,
8740.30,1092.54,14.6603,35.3932,2.08 %,0,
8871.00,1108.87,14.4473,36.0460,2.05 %,0,
8723.95,1090.49,14.6668,38.2970,4.36 %,0,
8699.61,1087.45,14.7049,37.4768,4.04 %,0,
8882.84,1110.36,14.4020,32.8585,3.45 %,0,
8870.63,1108.83,14.4423,38.6531,3.06 %,0,
8768.88,1096.11,14.5845,36.4196,2.59 %,0,
8899.08,1112.39,14.4066,35.6271,3.04 %,0,
8952.53,1119.07,14.2897,37.1381,2.24 %,0,
8873.62,1109.20,14.4250,32.8035,2.77 %,0,
8816.71,1102.09,14.5016,31.5673,1.48 %,0,
8620.86,1077.61,14.8491,37.9450,2.36 %,0,
8881.69,1110.21,14.4224,34.9701,2.32 %,0,
9001.26,1125.16,14.2117,37.2373,3.67 %,0,
8965.65,1120.71,14.2759,36.0384,2.92 %,0,
8914.19,1114.27,14.3610,40.2650,2.02 %,0,
8968.73,1121.09,14.2466,34.2658,3.19 %,0,
8757.93,1094.74,14.6437,34.6896,2.01 %,0,
8891.55,1111.44,14.3704,38.3582,2.51 %,0,
8947.33,1118.42,14.3363,44.7266,3.84 %,0,
9372.57,1171.57,13.6614,35.3608,2.48 %,0,
9419.76,1177.47,13.5918,34.5636,2.33 %,0,
9720.27,1215.03,13.1539,34.6197,4.52 %,0,
9651.17,1206.40,13.2753,33.2862,2.29 %,0,
9609.51,1201.19,13.3051,34.0324,2.40 %,0,
9598.47,1199.81,13.3289,36.8487,1.51 %,0,
9588.50,1198.56,13.3654,39.2031,3.09 %,0,
9606.72,1200.84,13.3152,30.3484,4.67 %,0,
9573.16,1196.64,13.3653,32.5972,3.27 %,0,
9582.73,1197.84,13.3663,32.6287,3.16 %,0,
9435.83,1179.48,13.5750,33.8307,3.32 %,0,
9680.17,1210.02,13.1541,38.6037,2.97 %,0,
9505.12,1188.14,13.5306,38.1386,2.95 %,0,
9647.16,1205.89,13.2618,35.5025,2.50 %,0,
9588.10,1198.51,13.3447,34.5911,3.22 %,0,
9611.42,1201.43,13.3069,36.0124,3.62 %,0,
9589.46,1198.68,13.3420,35.0745,1.81 %,0,
9625.27,1203.16,13.3331,34.8820,3.13 %,0,
9576.64,1197.08,13.3416,33.8202,2.84 %,0,
9602.98,1200.37,13.3154,32.5592,4.03 %,0,
9572.91,1196.61,13.3979,36.9510,1.89 %,0,
9629.98,1203.75,13.2984,39.9685,2.93 %,0,
9634.77,1204.35,13.2865,30.0906,2.61 %,0,
9582.07,1197.76,13.3432,31.4180,1.78 %,0,
9492.72,1186.59,13.4834,38.0045,2.18 %,0,
9419.83,1177.48,13.5864,33.1718,4.06 %,0,
9496.11,1187.01,13.4836,33.4511,2.79 %,0,
9611.88,1201.49,13.3279,33.4725,2.37 %,0,
9610.93,1201.37,13.2835,32.1960,3.76 %,0,
9675.63,1209.45,13.2506,33.8772,2.68 %,0,
9410.95,1176.37,13.6069,33.0381,4.36 %,0,
9587.61,1198.45,13.3516,35.6802,1.62 %,0,
9429.65,1178.71,13.5704,33.5786,2.84 %,0,
9599.90,1199.99,13.3367,31.5199,3.43 %,0,
9542.81,1192.85,13.4042,34.7305,2.67 %,0,
9022.48,1127.81,14.1914,41.9137,3.31 %,0,
9358.06,1169.76,13.6790,36.2145,3.25 %,0,
9158.38,1144.80,13.9758,34.5013,2.15 %,0,
8896.35,1112.04,14.3758,33.7015,3.51 %,0,
8713.54,1089.19,14.7055,34.0756,3.16 %,0,
8942.47,1117.81,14.3158,35.0838,1.80 %,0,
8988.59,1123.57,14.2218,35.9155,2.61 %,0,
9064.35,1133.04,14.1398,33.3563,3.74 %,0,
8911.88,1113.99,14.3393,40.7822,3.13 %,0,
8882.40,1110.30,14.4235,35.7382,2.13 %,0,
8972.62,1121.58,14.2689,33.4286,2.57 %,0,
8957.87,1119.73,14.2709,34.9902,4.21 %,0,
8912.99,1114.12,14.3648,35.3375,3.21 %,0,
8896.42,1112.05,14.3965,36.5713,3.85 %,0,
8687.67,1085.96,14.7257,38.4579,1.49 %,0,
8813.62,1101.70,14.5095,40.2361,2.43 %,0,
8635.07,1079.38,14.8165,41.7916,4.32 %,0,
8676.35,1084.54,14.7789,39.4538,4.36 %,0,
8659.59,1082.45,14.7558,37.8182,2.56 %,0,
8478.98,1059.87,15.1286,37.8229,2.06 %,0,
8635.29,1079.41,14.7728,37.0599,3.16 %,0,
8614.95,1076.87,14.9045,40.9860,3.20 %,0,
8518.74,1064.84,14.9839,35.8148,5.15 %,0,
8697.28,1087.16,14.7366,35.9790,4.44 %,0,
8744.34,1093.04,14.6442,40.6930,1.95 %,0,
8690.17,1086.27,14.7168,39.5919,3.19 %,0,
8583.23,1072.90,14.9476,37.5262,2.69 %,0,
8761.80,1095.23,14.5943,34.7326,2.10 %,0,
8715.93,1089.49,14.6716,35.7889,2.39 %,0,
8877.59,1109.70,14.4304,30.5826,4.05 %,0,
9166.96,1145.87,13.9756,35.5507,2.30 %,0,
9448.22,1181.03,13.5462,35.5635,3.60 %,0,
9227.16,1153.39,13.8653,35.2780,2.75 %,0,
9521.84,1190.23,13.4599,40.2126,4.35 %,0,
9716.91,1214.61,13.1637,32.8441,3.45 %,0,
9366.13,1170.77,13.5957,29.8495,3.88 %,0,
9409.71,1176.21,13.6743,36.6363,3.53 %,0,
9443.04,1180.38,13.5521,29.9911,2.84 %,0,
9702.65,1212.83,13.1814,34.8624,3.49 %,0,
9566.72,1195.84,13.3963,34.9671,4.38 %,0,
9595.77,1199.47,13.3358,35.5839,4.40 %,0,
9446.88,1180.86,13.5512,34.9549,2.88 %,0,
9569.39,1196.17,13.3562,34.1046,1.67 %,0,
9517.14,1189.64,13.4624,34.2316,3.96 %,0,
9479.67,1184.96,13.4709,35.3895,4.00 %,0,
9610.85,1201.36,13.3411,38.3704,2.06 %,0,
9639.94,1204.99,13.2803,32.5418,4.25 %,0,
9591.79,1198.97,13.3547,32.1896,2.35 %,0,
9594.17,1199.27,13.3290,35.5931,3.27 %,0,
9655.01,1206.88,13.2706,33.8187,4.81 %,0,
9626.58,1203.32,13.2859,33.7792,4.12 %,0,
9603.43,1200.43,13.3219,33.8669,3.11 %,0,
9653.57,1206.70,13.2571,34.2931,5.53 %,0,
9585.12,1198.14,13.3608,31.4416,2.49 %,0,
9596.12,1199.52,13.3310,34.2696,4.58 %,0,
9636.00,1204.50,13.3037,33.6765,4.09 %,0,
9670.80,1208.85,13.2360,34.4542,3.85 %,0,
9635.29,1204.41,13.2732,38.5058,1.85 %,0,
9447.62,1180.95,13.5399,33.8758,1.98 %,0,
9573.00,1196.63,13.3820,32.6166,3.52 %,0,
9388.60,1173.57,13.6377,34.1464,3.60 %,0,
9254.50,1156.81,13.8116,37.8570,2.42 %,0,
9240.36,1155.04,13.8532,35.3892,2.36 %,0,
9418.44,1177.30,13.5977,35.9862,2.96 %,0,
9359.42,1169.93,13.6419,32.4450,3.43 %,0,
9355.00,1169.37,13.7143,44.9631,3.16 %,0,
9081.69,1135.21,14.0798,34.1632,3.83 %,0,
8949.94,1118.74,14.3156,36.6937,2.96 %,0,
8961.02,1120.13,14.2900,35.5052,2.50 %,0,
8769.62,1096.20,14.5816,37.1979,2.44 %,0,
8862.19,1107.77,14.4464,34.6154,2.98 %,0,
8989.48,1123.68,14.2440,37.0266,1.65 %,0,
8954.33,1119.29,14.2835,32.3596,2.61 %,0,
8964.35,1120.54,14.2859,36.6384,2.95 %,0,
8931.69,1116.46,14.3254,32.4044,4.12 %,0,
8893.81,1111.73,14.3946,37.4553,3.03 %,0,
8775.39,1096.92,14.5936,37.8938,1.53 %,0,
8824.93,1103.12,14.4871,33.2600,3.50 %,0,
8898.26,1112.28,14.3983,35.9428,3.68 %,0,
8801.05,1100.13,14.5230,36.5135,2.23 %,0,
8885.92,1110.74,14.4243,39.5970,3.07 %,0,
8987.22,1123.40,14.2424,35.4664,3.45 %,0,
8775.86,1096.98,14.5655,34.9214,2.23 %,0,
8868.51,1108.56,14.4467,34.3299,2.34 %,0,
8961.08,1120.14,14.2869,35.0026,2.86 %,0,
8881.88,1110.23,14.4089,36.9950,1.67 %,0,
8908.39,1113.55,14.3650,37.5988,4.21 %,0,
9017.71,1127.21,14.1926,34.7925,3.66 %,0,
8881.17,1110.15,14.3828,36.2790,2.80 %,0,
8915.00,1114.37,14.3940,41.3244,3.53 %,0,
8739.71,1092.46,14.6450,37.3914,3.82 %,0,
8775.85,1096.98,14.5418,38.4163,2.42 %,0,
8465.92,1058.24,15.1618,35.3769,2.49 %,0,
8737.23,1092.15,14.6337,37.0511,3.04 %,0,
8653.32,1081.66,14.7887,39.9294,2.95 %,0,
8758.18,1094.77,14.6389,36.7710,2.77 %,0,
8876.27,1109.53,14.4194,33.7383,2.14 %,0,
8868.49,1108.56,14.4372,33.1962,3.24 %,0,
9021.50,1127.69,14.1899,35.5415,3.55 %,0,
9438.27,1179.78,13.5612,34.1243,4.12 %,0,
9456.77,1182.10,13.5350,35.2953,2.26 %,0,
9474.22,1184.28,13.4918,34.6036,3.47 %,0,
9366.25,1170.78,13.6738,34.8935,2.34 %,0,
9426.44,1178.30,13.5824,31.0968,2.56 %,0,
9228.37,1153.55,13.8640,34.4106,2.93 %,0,
9574.63,1196.83,13.3613,35.0348,3.15 %,0,
9692.36,1211.55,13.2236,33.8039,3.79 %,0,
9683.64,1210.45,13.2074,36.5483,4.02 %,0,
9644.36,1205.54,13.2809,35.9095,3.33 %,0,
9584.78,1198.10,13.3543,34.5319,1.36 %,0,
9673.30,1209.16,13.2424,33.4937,2.50 %,0,
9552.89,1194.11,13.3839,33.5950,1.42 %,0,
9425.27,1178.16,13.5884,34.5259,1.92 %,0,
9656.55,1207.07,13.2507,34.7594,1.46 %,0,
9589.01,1198.63,13.3477,33.4801,3.88 %,0,
9612.61,1201.58,13.3239,33.2824,4.81 %,0,
9654.26,1206.78,13.2494,32.7017,3.73 %,0,
9640.72,1205.09,13.2727,31.1048,2.87 %,0,
9594.47,1199.31,13.3292,31.0674,3.34 %,0,
9732.25,1216.53,13.1512,33.6302,1.25 %,0,
9605.44,1200.68,13.3315,33.6573,4.60 %,0,
9473.65,1184.21,13.5308,33.2789,2.82 %,0,
9479.91,1184.99,13.4741,34.9923,2.38 %,0,
9589.55,1198.69,13.3473,37.4514,3.30 %,0,
9671.88,1208.99,13.2413,34.1486,4.09 %,0,
9596.60,1199.58,13.3526,33.3749,2.54 %,0,
9461.28,1182.66,13.5006,35.1660,2.17 %,0,
9414.03,1176.75,13.6129,36.4317,4.27 %,0,
9368.17,1171.02,13.6803,34.9739,2.46 %,0,
9342.87,1167.86,13.6763,33.7755,3.82 %,0,
9427.55,1178.44,13.5893,34.2990,4.57 %,0,
8886.60,1110.82,14.3801,36.4291,3.40 %,0,
8876.13,1109.52,14.4003,38.5952,1.91 %,0,
8894.01,1111.75,14.4265,39.7593,3.41 %,0,
8913.47,1114.18,14.3613,36.2543,3.11 %,0,
8851.26,1106.41,14.4412,35.4546,1.78 %,0,
8731.20,1091.40,14.6880,39.4872,4.66 %,0,
8921.49,1115.19,14.3289,35.4815,4.69 %,0,
8736.69,1092.09,14.6557,36.3924,2.97 %,0,
8896.17,1112.02,14.3872,31.9527,3.09 %,0,
8935.81,1116.98,14.3347,37.0207,2.84 %,0,
8758.15,1094.77,14.5981,37.7658,3.26 %,0,
8949.02,1118.63,14.3215,38.0418,1.97 %,0,
8995.73,1124.47,14.2192,34.1004,4.62 %,0,
8892.48,1111.56,14.4023,35.5261,3.02 %,0,
8987.58,1123.45,14.2365,35.3759,3.59 %,0,
8767.59,1095.95,14.5976,35.3555,2.98 %,0,
8791.88,1098.99,14.5522,36.7219,1.86 %,0,
8862.72,1107.84,14.4474,37.9163,2.66 %,0,
8974.64,1121.83,14.2646,35.6594,2.73 %,0,
8876.16,1109.52,14.4164,35.5070,2.69 %,0,
8885.34,1110.67,14.3901,35.3949,1.86 %,0,
9146.81,1143.35,14.0062,32.8318,2.76 %,0,
9307.91,1163.49,13.7664,36.0829,3.80 %,0,
9338.66,1167.33,13.6869,38.2590,7.80 %,0,
9353.38,1169.17,13.6900,32.4246,4.40 %,0,
9183.11,1147.89,13.9384,35.5202,4.83 %,0,
9275.69,1159.46,13.7948,36.5651,1.81 %,0,
9106.73,1138.34,14.0740,34.2242,3.67 %,0,
9439.29,1179.91,13.5483,35.5198,3.30 %,0,
9409.43,1176.18,13.6130,33.1077,3.45 %,0,
9396.27,1174.53,13.5959,35.2336,1.86 %,0,
9417.22,1177.15,13.6141,33.7579,2.53 %,0,
9372.99,1171.62,13.6396,33.4170,2.32 %,0,
9295.63,1161.95,13.7851,36.4477,3.87 %,0,
9093.87,1136.73,14.0453,36.2770,4.64 %,0,
9260.49,1157.56,13.8215,35.5651,1.71 %,0,
9303.23,1162.90,13.7757,34.0564,1.76 %,0,
9185.44,1148.18,13.9500,32.8182,3.32 %,0,
9432.84,1179.11,13.5389,32.3668,4.80 %,0,
9356.27,1169.53,13.7218,34.1198,3.19 %,0,
9337.58,1167.20,13.7070,34.5463,1.77 %,0,
9229.34,1153.67,13.8512,33.2994,3.07 %,0,
9445.37,1180.67,13.5258,35.4103,2.80 %,0,
9500.83,1187.60,13.5115,33.9716,1.40 %,0,
9358.88,1169.86,13.6692,37.8268,2.73 %,0,
9377.27,1172.16,13.6523,34.6070,2.42 %,0,
9243.81,1155.48,13.8394,37.9115,3.91 %,0,
9327.05,1165.88,13.7355,35.1898,1.49 %,0,
9385.16,1173.14,13.6422,36.1055,3.01 %,0,
9494.86,1186.86,13.4768,35.1353,4.58 %,0,
9443.22,1180.40,13.5465,34.9966,3.01 %,0,
9352.05,1169.01,13.6951,37.6381,3.44 %,0,
9451.23,1181.40,13.5285,33.5668,4.34 %,0,
9443.79,1180.47,13.5632,37.7012,4.70 %,0,
9412.72,1176.59,13.5617,32.2467,2.33 %,0,
9507.87,1188.48,13.4796,36.5896,3.27 %,0,
9321.60,1165.20,13.7283,30.2360,3.70 %,0,
9238.12,1154.77,13.8623,33.4029,2.80 %,0,
9373.02,1171.63,13.6687,34.5357,2.54 %,0,
9331.09,1166.39,13.6949,40.9748,2.96 %,0,
9035.36,1129.42,14.1723,37.5246,3.00 %,0,
9338.86,1167.36,13.7265,35.9959,3.97 %,0,
9419.29,1177.41,13.5700,32.6301,4.22 %,0,
9198.82,1149.85,13.9238,37.6895,2.95 %,0,
8637.90,1079.74,14.8119,37.6498,3.55 %,0,
8960.40,1120.05,14.2884,37.3633,3.17 %,0,
8905.72,1113.21,14.3796,34.9105,4.32 %,0,
8869.77,1108.72,14.4041,33.5210,2.22 %,0,
8877.36,1109.67,14.4429,33.4181,3.98 %,0,
8880.24,1110.03,14.4162,39.4140,1.60 %,0,
8969.60,1121.20,14.2687,37.9692,2.41 %,0,
8748.04,1093.50,14.6275,35.8720,3.51 %,0,
8979.70,1122.46,14.2521,36.8960,3.20 %,0,
8713.55,1089.19,14.6846,39.6065,2.50 %,0,
8797.36,1099.67,14.5497,35.1049,4.19 %,0,
8902.24,1112.78,14.3774,38.2451,1.68 %,0,
8888.26,1111.03,14.3986,36.2895,4.69 %,0,
8975.79,1121.97,14.2707,36.0579,2.93 %,0,
8725.67,1090.71,14.6497,35.9065,2.72 %,0,
8957.86,1119.73,14.3051,34.4356,4.08 %,0,
8758.42,1094.80,14.5838,34.4541,3.25 %,0,
8909.75,1113.72,14.3776,37.3930,2.69 %,0,
8726.49,1090.81,14.6563,35.8853,3.31 %,0,
8999.71,1124.96,14.2512,36.6134,3.23 %,0,
8960.15,1120.02,14.2612,36.7928,3.55 %,0,
9180.89,1147.61,13.9794,34.9626,2.51 %,0,
9389.70,1173.71,13.6338,35.0177,4.12 %,0,
9366.96,1170.87,13.6552,33.9479,4.02 %,0,
9452.79,1181.60,13.5450,33.4484,2.36 %,0,
9363.99,1170.50,13.6663,35.2109,3.47 %,0,
9447.09,1180.89,13.5571,33.4775,3.78 %,0,
9398.09,1174.76,13.6085,33.2580,2.86 %,0,
9438.32,1179.79,13.5727,33.0435,3.13 %,0,
9497.61,1187.20,13.4695,36.3171,3.43 %,0,
9193.91,1149.24,13.9291,35.2275,2.32 %,0,
9405.60,1175.70,13.6070,34.6837,4.05 %,0,
9361.21,1170.15,13.6547,34.5712,4.13 %,0,
9321.87,1165.23,13.7286,38.2167,4.61 %,0,
9359.49,1169.94,13.6993,32.9207,2.40 %,0,
9366.81,1170.85,13.6577,34.2344,4.39 %,0,
9333.25,1166.66,13.7096,33.8171,2.16 %,0,
9447.66,1180.96,13.5488,36.6510,1.90 %,0,
9370.02,1171.25,13.6715,37.1115,2.92 %,0,
9318.46,1164.81,13.7280,32.9980,4.75 %,0,
9069.56,1133.70,14.1191,36.5279,2.66 %,0,
9355.81,1169.48,13.6701,38.6276,2.91 %,0,
9205.56,1150.70,13.8540,39.7735,4.18 %,0,
9150.61,1143.83,14.0408,36.7170,3.16 %,0,
8962.07,1120.26,14.2808,35.0670,4.78 %,0,
9031.53,1128.94,14.1679,35.3491,3.17 %,0,
9191.55,1148.94,13.9315,38.7572,4.67 %,0,
9463.70,1182.96,13.5354,36.6970,2.80 %,0,
9368.41,1171.05,13.6501,30.5918,3.88 %,0,
9422.32,1177.79,13.5895,32.6356,2.56 %,0,
9370.61,1171.33,13.6608,32.7572,4.39 %,0,
9371.23,1171.40,13.6563,35.2409,3.30 %,0,
9403.18,1175.40,13.6049,34.2396,2.72 %,0,
9441.81,1180.23,13.5605,32.1569,4.48 %,0,
9246.13,1155.77,13.8334,33.5310,1.43 %,0,
9396.91,1174.61,13.6457,33.3237,2.04 %,0,
9433.05,1179.13,13.5512,36.3100,2.78 %,0,
9368.68,1171.08,13.6612,33.3663,5.64 %,0,
9209.11,1151.14,13.8663,36.1785,2.89 %,0,
9195.77,1149.47,13.9518,34.5401,1.95 %,0,
9532.92,1191.61,13.4260,41.5463,4.86 %,0,
9464.75,1183.09,13.5117,31.8596,3.76 %,0,
9282.58,1160.32,13.7863,37.6398,3.31 %,0,
9440.30,1180.04,13.5875,36.3511,2.07 %,0,
9511.18,1188.90,13.4296,30.9252,3.70 %,0,
9362.20,1170.27,13.6913,35.0037,3.76 %,0,
9363.87,1170.48,13.6748,35.3343,3.14 %,0,
9378.21,1172.28,13.6086,36.5808,1.65 %,0,
9427.25,1178.41,13.6169,34.0738,2.27 %,0,
9230.41,1153.80,13.8416,34.4303,1.61 %,0,
9328.03,1166.00,13.7338,33.0131,3.82 %,0,
9375.66,1171.96,13.6568,37.3809,4.18 %,0,
9423.62,1177.95,13.5862,31.8046,3.22 %,0,
9426.12,1178.26,13.5782,32.4616,2.46 %,0,
9471.24,1183.91,13.5238,34.5019,3.56 %,0,
9443.36,1180.42,13.5442,33.0232,3.56 %,0,
9220.75,1152.59,13.8928,36.4018,4.66 %,0,
9010.28,1126.29,14.1777,34.3040,4.04 %,0,
8810.39,1101.30,14.5434,36.2814,3.75 %,0,
8804.06,1100.51,14.5323,34.6723,3.35 %,0,
8822.52,1102.81,14.5024,34.1223,2.96 %,0,
8987.86,1123.48,14.2461,35.7018,1.36 %,0,
8941.59,1117.70,14.3250,36.5363,3.03 %,0,
8910.28,1113.79,14.3568,33.5782,2.96 %,0,
8890.84,1111.35,14.3743,39.6950,2.81 %,0,
8895.43,1111.93,14.4165,37.8552,2.46 %,0,
8986.28,1123.28,14.2495,37.0828,2.93 %,0,
8877.08,1109.64,14.3726,33.6307,3.63 %,0,
8936.04,1117.00,14.3466,36.7316,4.49 %,0,
9026.57,1128.32,14.1765,37.1111,3.31 %,0,
8626.09,1078.26,14.8585,39.4132,3.30 %,0,
8727.11,1090.89,14.6478,35.3555,3.93 %,0,
8778.74,1097.34,14.5818,40.4377,2.26 %,0,
8826.02,1103.25,14.5225,35.0212,2.33 %,0,
8909.77,1113.72,14.3550,38.8418,2.09 %,0,
8952.73,1119.09,14.2957,40.3043,1.28 %,0,
8996.78,1124.60,14.2185,33.8389,3.05 %,0,
8809.25,1101.16,14.5492,36.7785,3.85 %,0,
9386.02,1173.25,13.6202,34.6960,4.72 %,0,
9452.29,1181.54,13.5608,33.5284,3.26 %,0,
9417.03,1177.13,13.5935,34.7454,3.91 %,0,
9357.24,1169.66,13.6740,34.2247,4.10 %,0,
9502.83,1187.85,13.4626,31.8519,3.53 %,0,
9493.38,1186.67,13.4818,31.2659,4.07 %,0,
9376.60,1172.07,13.6723,36.0898,3.04 %,0,
9591.01,1198.88,13.3230,35.9529,2.90 %,0,
9692.31,1211.54,13.1982,32.8725,4.65 %,0,
9549.80,1193.73,13.4123,33.5402,3.48 %,0,
9480.97,1185.12,13.5172,37.0283,3.33 %,0,
9576.68,1197.08,13.3462,32.6712,2.69 %,0,
9444.56,1180.57,13.5625,33.4908,3.31 %,0,
9586.19,1198.27,13.3519,34.8358,3.52 %,0,
9569.43,1196.18,13.3701,33.1851,3.48 %,0,
9584.06,1198.01,13.3748,36.2796,3.31 %,0,
9655.72,1206.96,13.2552,35.4372,4.19 %,0,
9574.17,1196.77,13.3459,38.4560,2.53 %,0,
9431.51,1178.94,13.5710,34.8877,3.13 %,0,
9453.76,1181.72,13.5517,36.6595,2.33 %,0,
9469.54,1183.69,13.5249,32.1503,3.16 %,0,
9511.62,1188.95,13.4481,33.1210,2.86 %,0,
9464.76,1183.10,13.5365,34.8580,3.04 %,0,
9361.69,1170.21,13.6569,33.8419,2.93 %,0,
9401.96,1175.25,13.5484,36.9481,2.07 %,0,
9443.72,1180.47,13.6135,33.5380,3.20 %,0,
9316.92,1164.61,13.7461,33.9708,4.74 %,0,
9293.20,1161.65,13.7393,40.0775,3.07 %,0,
9284.44,1160.56,13.8274,33.8641,3.18 %,0,
9439.43,1179.93,13.5379,37.8111,3.38 %,0,
9463.69,1182.96,13.5328,34.9833,3.66 %,0,
9340.98,1167.62,13.7136,31.9582,2.98 %,0,
9183.53,1147.94,13.9471,37.9925,4.74 %,0,
9477.15,1184.64,13.4871,34.1114,3.29 %,0,
9437.84,1179.73,13.5663,35.0023,4.83 %,0,
9452.06,1181.51,13.5482,35.6212,2.88 %,0,
9390.30,1173.79,13.6231,33.1906,2.84 %,0,
9441.14,1180.14,13.5429,35.7078,4.96 %,0,
9355.33,1169.42,13.6968,35.6677,3.27 %,0,
9137.46,1142.18,14.0158,43.2970,1.10 %,0,
8870.64,1108.83,14.4236,36.1609,4.00 %,0,
8748.46,1093.56,14.6233,33.5250,2.18 %,0,
8772.59,1096.57,14.6039,35.4633,5.02 %,0,
8939.25,1117.41,14.3031,36.2421,2.29 %,0,
8931.66,1116.46,14.3393,36.5638,1.08 %,0,
8895.60,1111.95,14.3820,43.7416,2.91 %,0,
8878.79,1109.85,14.4183,35.3393,2.31 %,0,
8793.48,1099.18,14.5297,35.5359,2.74 %,0,
8789.03,1098.63,14.6075,38.6553,3.37 %,0,
8822.42,1102.80,14.4741,39.0821,1.77 %,0,
8848.79,1106.10,14.4608,35.3368,3.00 %,0,
8783.91,1097.99,14.6035,35.9630,3.54 %,0,
8880.46,1110.06,14.4088,38.8649,3.26 %,0,
8917.43,1114.68,14.2866,42.7974,3.68 %,0,
8599.77,1074.97,14.9422,39.9485,2.69 %,0,
8860.76,1107.60,14.4576,33.1005,2.85 %,0,
8883.92,1110.49,14.4142,36.0343,1.58 %,0,
8968.09,1121.01,14.2439,34.0271,4.51 %,0,
8804.36,1100.54,14.5623,35.0696,1.69 %,0,
8876.50,1109.56,14.4165,36.1195,5.33 %,0,
8757.61,1094.70,14.6209,35.4184,2.67 %,0,
8715.69,1089.46,14.6765,38.0928,1.19 %,0,
8901.18,1112.65,14.3806,34.2074,1.82 %,0,
9057.84,1132.23,14.1436,34.9128,5.75 %,0,
8884.24,1110.53,14.3859,35.7222,1.80 %,0,
8879.60,1109.95,14.4194,38.3952,4.53 %,0,
8861.71,1107.71,14.4344,33.7173,2.46 %,0,
8717.59,1089.70,14.6791,35.1709,2.58 %,0,
8847.62,1105.95,14.4861,35.8213,4.25 %,0,
9335.95,1166.99,13.7231,32.7159,2.40 %,0,
9353.31,1169.16,13.6612,33.0128,1.93 %,0,
9211.23,1151.40,13.9149,44.2291,1.97 %,0,
9223.39,1152.92,13.8367,36.2040,5.30 %,0,
9427.13,1178.39,13.6013,36.7879,3.40 %,0,
9196.87,1149.61,13.9445,36.5821,3.52 %,0,
9401.49,1175.19,13.5871,35.4932,4.87 %,0,
9415.90,1176.99,13.6037,32.0253,3.15 %,0,
9599.39,1199.92,13.3303,33.7686,1.75 %,0,
9684.95,1210.62,13.2184,32.5638,3.45 %,0,
9569.82,1196.23,13.3832,36.9528,2.52 %,0,
9619.73,1202.47,13.3047,34.5822,3.16 %,0,
9619.74,1202.47,13.2965,30.5542,3.71 %,0,
9581.58,1197.70,13.3713,34.3428,2.70 %,0,
9580.29,1197.54,13.3249,37.4150,3.35 %,0,
9559.06,1194.88,13.4156,35.8764,4.03 %,0,
9574.81,1196.85,13.3447,34.1578,1.97 %,0,
9467.26,1183.41,13.5398,33.2971,3.22 %,0,
9589.56,1198.70,13.3612,33.5964,3.50 %,0,
9417.10,1177.14,13.5987,35.4846,2.59 %,0,
9548.35,1193.54,13.3682,33.7995,3.46 %,0,
9667.70,1208.46,13.2559,32.6156,3.38 %,0,
9615.63,1201.95,13.3214,36.8946,3.25 %,0,
9681.10,1210.14,13.2224,31.3133,2.88 %,0,
9605.35,1200.67,13.3084,34.9537,4.69 %,0,
9442.12,1180.27,13.5722,35.6549,2.88 %,0,
9734.87,1216.86,13.1596,32.4011,2.57 %,0,
9598.59,1199.82,13.3261,30.2841,4.37 %,0,
9616.54,1202.07,13.3120,35.8808,2.02 %,0,
9613.59,1201.70,13.3004,32.3259,3.67 %,0,
9403.02,1175.38,13.6227,34.1140,4.11 %,0,
9246.63,1155.83,13.8113,38.0853,3.42 %,0,
9317.71,1164.71,13.7718,37.3218,2.34 %,0,
9151.65,1143.96,13.9699,33.5502,2.67 %,0,
8902.95,1112.87,14.3610,35.0238,4.03 %,0,
8894.28,1111.79,14.4046,36.0961,1.49 %,0,
8865.22,1108.15,14.4360,34.7878,4.34 %,0,
8883.97,1110.50,14.4057,31.4482,2.02 %,0,
8714.96,1089.37,14.6841,39.6617,2.60 %,0,
8693.62,1086.70,14.7272,37.2241,1.14 %,0,
8735.29,1091.91,14.6497,36.6038,5.95 %,0,
8707.29,1088.41,14.7022,37.0832,10.54 %,0,
8880.16,1110.02,14.4328,34.3976,2.49 %,0,
8923.29,1115.41,14.3170,36.3186,2.66 %,0,
8880.87,1110.11,14.4010,33.9299,2.76 %,0,
8553.67,1069.21,14.9805,37.7478,2.18 %,0,
8719.63,1089.95,14.6690,38.8231,2.46 %,0,
8884.02,1110.50,14.4312,36.4029,2.18 %,0,
8909.93,1113.74,14.3553,33.8181,3.23 %,0,
8786.09,1098.26,14.5512,39.0573,3.80 %,0,
8933.60,1116.70,14.3622,38.0652,3.22 %,0,
8973.89,1121.74,14.2419,32.7762,1.42 %,0,
8828.17,1103.52,14.4874,34.2790,2.75 %,0,
9060.92,1132.61,14.1496,37.4710,2.23 %,0,
9359.80,1169.97,13.6818,33.0959,3.09 %,0,
9373.40,1171.67,13.6386,30.8031,2.73 %,0,
9299.56,1162.44,13.7866,32.5968,3.33 %,0,
9239.62,1154.95,13.8490,37.6532,2.59 %,0,
9331.72,1166.47,13.7227,35.6337,1.78 %,0,
9144.43,1143.05,13.9682,36.9117,2.66 %,0,
9255.14,1156.89,13.8465,32.4026,5.20 %,0,
9377.02,1172.13,13.6502,33.1432,3.16 %,0,
9390.92,1173.87,13.6286,34.1053,4.20 %,0,
9265.10,1158.14,13.8298,35.5153,3.96 %,0,
9391.11,1173.89,13.6247,32.5039,2.50 %,0,
9421.12,1177.64,13.5784,35.1628,4.68 %,0,
9370.62,1171.33,13.6582,36.2768,3.79 %,0,
9353.11,1169.14,13.7020,34.3763,2.14 %,0,
9367.37,1170.92,13.6552,36.9097,3.65 %,0,
9334.61,1166.83,13.7019,36.1855,2.28 %,0,
9422.24,1177.78,13.5984,33.6998,4.36 %,0,
9387.58,1173.45,13.6047,34.9581,4.69 %,0,
8983.15,1122.89,14.2706,38.1963,2.89 %,0,
9414.15,1176.77,13.6003,30.9010,3.07 %,0,
9514.50,1189.31,13.4477,35.2472,2.81 %,0,
9374.31,1171.79,13.6610,37.0125,1.90 %,0,
9466.76,1183.35,13.5250,37.4244,5.02 %,0,
9408.62,1176.08,13.6027,37.0346,2.32 %,0,
9213.19,1151.65,13.8795,36.3426,2.57 %,0,
9139.29,1142.41,14.0079,35.7510,5.35 %,0,
9357.17,1169.65,13.6713,34.0492,3.99 %,0,
9418.96,1177.37,13.5984,33.5029,3.13 %,0,
9353.77,1169.22,13.6929,33.4627,2.09 %,0,
9475.80,1184.47,13.4753,31.0783,3.07 %,0,
9344.78,1168.10,13.7208,32.8286,2.58 %,0,
9456.73,1182.09,13.5398,34.9524,4.98 %,0,
9477.94,1184.74,13.4901,39.0888,2.17 %,0,
9310.70,1163.84,13.7459,37.2313,2.72 %,0,
9353.26,1169.16,13.7025,38.1718,4.69 %,0,
9189.14,1148.64,13.8885,34.0916,2.88 %,0,
8631.73,1078.97,14.8375,36.9771,1.77 %,0,
8842.72,1105.34,14.5030,35.8423,4.47 %,0,
8893.45,1111.68,14.3640,36.6347,3.03 %,0,
8928.72,1116.09,14.3533,38.0771,4.55 %,0,
8977.34,1122.17,14.2660,35.5446,2.19 %,0,
9023.33,1127.92,14.1836,36.5308,2.99 %,0,
8748.68,1093.58,14.6326,35.4164,2.03 %,0,
8837.90,1104.74,14.4831,35.6161,2.93 %,0,
8871.41,1108.93,14.4071,41.9105,2.50 %,0,
8858.50,1107.31,14.4625,34.8565,3.21 %,0,
8915.13,1114.39,14.3608,37.8631,4.59 %,0,
8881.32,1110.16,14.3565,36.1501,2.80 %,0,
8923.39,1115.42,14.3906,36.0428,4.37 %,0,
8839.91,1104.99,14.4704,39.7835,1.74 %,0,
8799.49,1099.94,14.5580,36.5671,3.40 %,0,
8909.79,1113.72,14.3286,36.1907,2.47 %,0,
8743.20,1092.90,14.6847,36.4721,3.70 %,0,
8670.00,1083.75,14.7570,40.5586,1.82 %,0,
8833.75,1104.22,14.4789,34.4664,3.21 %,0,
8829.47,1103.68,14.4929,36.3838,3.24 %,0,
8891.09,1111.39,14.3978,37.0274,3.06 %,0,
8884.24,1110.53,14.4368,37.0382,4.00 %,0,
8907.46,1113.43,14.3359,37.2129,2.32 %,0,
8884.26,1110.53,14.4290,35.7354,2.06 %,0,
8894.59,1111.82,14.3951,34.0179,3.12 %,0,
8979.14,1122.39,14.2274,33.8276,5.97 %,0,
9248.43,1156.05,13.8743,38.1496,3.76 %,0,
9343.30,1167.91,13.6836,32.5121,2.00 %,0,
9424.47,1178.06,13.5928,35.1489,3.04 %,0,
9368.47,1171.06,13.6618,35.0979,4.80 %,0,
9460.61,1182.58,13.5367,37.3139,4.67 %,0,
9420.03,1177.50,13.5755,35.6709,5.98 %,0,
9470.32,1183.79,13.5043,35.3143,5.49 %,0,
9366.08,1170.76,13.6897,37.7549,4.82 %,0,
9392.32,1174.04,13.6277,36.5922,3.67 %,0,
9234.51,1154.31,13.8567,33.4424,3.14 %,0,
9196.20,1149.53,13.9055,32.7465,3.10 %,0,
9474.20,1184.28,13.5281,34.3464,2.62 %,0,
9371.40,1171.43,13.6372,36.7918,2.68 %,0,
9294.47,1161.81,13.7840,32.3819,4.65 %,0,
9275.35,1159.42,13.7972,37.4283,3.58 %,0,
9361.62,1170.20,13.6765,31.7650,3.11 %,0,
9350.37,1168.80,13.6740,37.8586,2.89 %,0,
9372.91,1171.61,13.6652,36.5234,2.27 %,0,
9312.79,1164.10,13.7357,36.1102,3.68 %,0,
9378.66,1172.33,13.6402,33.1827,5.70 %,0,
9351.36,1168.92,13.7055,36.7785,3.25 %,0,
9348.60,1168.58,13.6911,34.4931,1.22 %,0,
9328.12,1166.01,13.7156,33.7908,2.38 %,0,
9466.37,1183.30,13.5319,32.8001,1.50 %,0,
9361.80,1170.22,13.6758,35.2137,2.21 %,0,
9420.96,1177.62,13.5666,30.0806,3.10 %,0,
9222.37,1152.80,13.8829,35.1531,3.37 %,0,
9374.99,1171.87,13.6640,35.3199,3.74 %,0,
9384.54,1173.07,13.6289,34.1487,2.19 %,0,
9442.47,1180.31,13.5740,31.5431,2.65 %,0,
9228.45,1153.56,13.8442,34.4566,4.20 %,0,
9387.44,1173.43,13.6541,35.2319,2.85 %,0,
9376.54,1172.07,13.6431,35.1175,3.37 %,0,
9379.28,1172.41,13.6498,34.4546,1.30 %,0,
9220.53,1152.57,13.8850,36.4052,2.45 %,0,
9377.52,1172.19,13.6548,36.9056,3.61 %,0,
9369.63,1171.20,13.6496,33.4685,2.17 %,0,
9251.30,1156.41,13.8460,39.1043,2.44 %,0,
9516.27,1189.53,13.4144,34.7095,1.56 %,0,
9415.91,1176.99,13.6084,34.8211,1.78 %,0,
9448.94,1181.12,13.5674,31.6910,1.87 %,0,
9325.34,1165.67,13.7207,40.9510,2.28 %,0,
9313.89,1164.24,13.7397,41.8428,3.53 %,0,
9249.86,1156.23,13.8496,35.9434,2.13 %,0,
9275.71,1159.46,13.7803,35.2223,4.45 %,0,
8888.59,1111.07,14.4167,37.9230,3.33 %,0,
8906.75,1113.34,14.3652,34.9645,1.65 %,0,
8939.56,1117.44,14.3160,33.9735,3.13 %,0,
9032.19,1129.02,14.1717,36.7469,4.95 %,0,
8941.16,1117.64,14.2965,38.9821,4.98 %,0,
8971.30,1121.41,14.2847,45.0890,2.74 %,0,
8879.38,1109.92,14.4195,35.9965,3.49 %,0,
8975.12,1121.89,14.2506,35.4504,3.26 %,0,
8902.19,1112.77,14.3749,36.6054,2.29 %,0,
8875.39,1109.42,14.4334,39.0914,3.80 %,0,
9063.89,1132.99,14.1238,34.5216,3.45 %,0,
9057.58,1132.20,14.1147,35.5336,3.23 %,0,
8826.45,1103.31,14.4909,36.3123,4.17 %,0,
8644.43,1080.55,14.8146,35.1297,2.91 %,0,
8928.87,1116.11,14.3400,35.4402,1.65 %,0,
8931.43,1116.43,14.3223,32.7645,3.08 %,0,
8879.02,1109.88,14.3920,38.5606,3.87 %,0,
8884.06,1110.51,14.4429,40.2263,3.16 %,0,
9001.36,1125.17,14.2250,35.2748,4.84 %,0,
8586.49,1073.31,14.9075,35.6645,2.65 %,0,
8732.96,1091.62,14.5682,39.3550,3.32 %,0,
8911.68,1113.96,14.4404,42.7834,2.32 %,0,
8950.24,1118.78,14.2912,36.9728,2.18 %,0,
8946.29,1118.29,14.3275,33.7041,3.55 %,0,
9387.08,1173.38,13.6330,36.3806,2.13 %,0,
9240.88,1155.11,13.8426,33.2081,3.72 %,0,
9685.31,1210.66,13.2228,33.0986,3.14 %,0,
9602.71,1200.34,13.3269,39.2609,3.02 %,0,
9567.78,1195.97,13.3592,36.1363,6.11 %,0,
9534.81,1191.85,13.4525,34.5452,3.71 %,0,
9708.12,1213.51,13.1790,32.7003,2.75 %,0,
9496.83,1187.10,13.4706,35.6320,3.17 %,0,
9472.89,1184.11,13.5227,30.3195,5.05 %,0,
9563.60,1195.45,13.3793,34.6161,2.37 %,0,
9676.56,1209.57,13.2338,34.4547,4.14 %,0,
9433.64,1179.20,13.5482,34.8281,2.94 %,0,
9694.94,1211.87,13.1856,34.8625,3.30 %,0,
9604.10,1200.51,13.3403,33.4464,3.85 %,0,
9575.54,1196.94,13.3646,33.5845,4.70 %,0,
9563.76,1195.47,13.3995,32.5544,3.96 %,0,
9442.51,1180.31,13.5481,32.7072,3.70 %,0,
9588.97,1198.62,13.3499,31.8806,2.01 %,0,
9452.37,1181.55,13.5570,33.3493,1.52 %,0,
9641.49,1205.19,13.2698,32.5886,3.72 %,0,
9655.35,1206.92,13.2501,33.2405,5.29 %,0,
9574.12,1196.77,13.3801,35.2695,2.45 %,0,
9724.71,1215.59,13.1653,34.0385,2.27 %,0,
9647.67,1205.96,13.2528,32.8613,2.89 %,0,
9596.26,1199.53,13.3232,31.9041,3.20 %,0,
9540.26,1192.53,13.4199,33.4889,2.26 %,0,
9607.40,1200.93,13.3386,32.1110,2.94 %,0,
9524.87,1190.61,13.4326,33.2178,3.82 %,0,
9410.65,1176.33,13.6029,32.5236,4.04 %,0,
9409.62,1176.20,13.5918,32.0055,2.56 %,0,
8967.00,1120.87,14.2843,38.8679,3.29 %,0,
8850.58,1106.32,14.4619,34.4950,3.90 %,0,
8840.89,1105.11,14.4687,34.9679,2.82 %,0,
8736.04,1092.01,14.6653,37.5064,1.34 %,0,
8964.41,1120.55,14.2671,35.6201,5.67 %,0,
8866.03,1108.25,14.4344,38.9947,2.43 %,0,
8679.63,1084.95,14.7560,38.7657,2.32 %,0,
8456.02,1057.00,15.1319,39.5368,2.32 %,0,
8648.74,1081.09,14.7904,38.7542,2.88 %,0,
8607.62,1075.95,14.8679,35.3755,4.76 %,0,
8602.42,1075.30,14.9004,41.3373,2.67 %,0,
8692.88,1086.61,14.6717,32.8434,5.18 %,0,
8637.43,1079.68,14.8716,34.8802,2.52 %,0,
8640.55,1080.07,14.7863,37.0409,1.64 %,0,
8634.32,1079.29,14.8506,36.3950,3.17 %,0,
8633.91,1079.24,14.8201,43.0414,3.53 %,0,
8815.60,1101.95,14.5250,38.0880,3.04 %,0,
8981.38,1122.67,14.2414,33.8945,3.24 %,0,
9085.38,1135.67,14.1065,33.0340,3.68 %,0,
8759.41,1094.93,14.5892,34.2131,1.82 %,0,
8936.24,1117.03,14.3055,38.3388,3.19 %,0,
8887.39,1110.92,14.4292,38.4315,2.17 %,0,
8879.04,1109.88,14.3875,36.2274,2.19 %,0,
8879.31,1109.91,14.4439,36.5604,1.48 %,0,
8918.02,1114.75,14.3332,33.6384,3.87 %,0,
8896.13,1112.02,14.4032,38.5499,2.07 %,0,
8770.23,1096.28,14.6013,37.2975,3.17 %,0,
8956.34,1119.54,14.2909,35.9284,2.85 %,0,
8948.47,1118.56,14.2828,33.8711,2.34 %,0,
9141.91,1142.74,14.0072,41.6807,3.73 %,0,
9462.64,1182.83,13.5429,37.3031,4.12 %,0,
9644.91,1205.61,13.2699,33.5486,3.84 %,0,
9260.05,1157.51,13.8028,36.1801,1.59 %,0,
9576.46,1197.06,13.3689,34.6498,3.75 %,0,
9526.40,1190.80,13.4493,34.2205,2.91 %,0,
9333.32,1166.67,13.6979,32.3972,3.34 %,0,
9571.94,1196.49,13.3716,32.1162,3.33 %,0,
9715.69,1214.46,13.1719,32.7870,4.52 %,0,
9612.03,1201.50,13.3399,36.4238,2.83 %,0,
9406.94,1175.87,13.5885,37.4803,4.03 %,0,
9642.32,1205.29,13.2907,30.1496,3.55 %,0,
9610.32,1201.29,13.3069,34.5088,3.27 %,0,
9483.84,1185.48,13.5027,32.5849,2.11 %,0,
9554.22,1194.28,13.3911,33.3755,1.76 %,0,
9587.43,1198.43,13.3612,36.4562,2.00 %,0,
9547.83,1193.48,13.3876,34.0470,3.76 %,0,
9680.46,1210.06,13.2317,32.6337,2.74 %,0,
9444.41,1180.55,13.5422,32.2306,4.81 %,0,
9598.28,1199.79,13.3345,30.3932,1.86 %,0,
9605.13,1200.64,13.3216,33.1673,3.00 %,0,
9515.67,1189.46,13.4499,33.0053,2.91 %,0,
9395.69,1174.46,13.6250,37.3973,2.71 %,0,
9434.91,1179.36,13.5672,32.0519,3.62 %,0,
9409.45,1176.18,13.6243,32.7056,2.80 %,0,
9337.76,1167.22,13.6987,31.4128,2.63 %,0,
9035.68,1129.46,14.1622,34.0083,4.23 %,0,
9099.12,1137.39,14.0712,37.6319,3.39 %,0,
9406.21,1175.78,13.6132,35.4934,5.24 %,0,
9405.60,1175.70,13.5799,36.8426,3.16 %,0,
9514.51,1189.31,13.4603,34.7696,3.48 %,0,
9322.61,1165.33,13.7206,34.1854,2.61 %,0,
8897.29,1112.16,14.3992,34.0535,3.85 %,0,
8891.58,1111.45,14.4071,36.5036,3.71 %,0,
8885.42,1110.68,14.4002,36.1666,2.76 %,0,
9049.81,1131.23,14.1262,38.9856,3.13 %,0,
8728.14,1091.02,14.6903,39.5037,3.27 %,0,
8768.66,1096.08,14.5878,36.1720,1.74 %,0,
8726.90,1090.86,14.6754,38.5001,2.82 %,0,
8944.01,1118.00,14.3025,39.5735,5.00 %,0,
8694.95,1086.87,14.7241,43.7339,3.90 %,0,
8901.70,1112.71,14.3898,34.9523,4.10 %,0,
8821.13,1102.64,14.5003,40.6348,2.96 %,0,
8971.89,1121.49,14.2569,33.3038,2.76 %,0,
8879.11,1109.89,14.4139,35.3705,3.22 %,0,
8795.61,1099.45,14.5323,35.4814,3.60 %,0,
8653.12,1081.64,14.7826,37.8711,2.67 %,0,
8861.42,1107.68,14.4818,37.0131,3.09 %,0,
8882.79,1110.35,14.4081,38.7503,4.37 %,0,
8868.17,1108.52,14.4383,39.5081,5.02 %,0,
8960.95,1120.12,14.2928,33.1593,3.19 %,0,
8519.13,1064.89,15.0023,42.5903,2.56 %,0,
8759.35,1094.92,14.5981,36.3286,3.68 %,0,
8898.98,1112.37,14.4137,35.4926,2.78 %,0,
8886.41,1110.80,14.3848,37.1620,2.31 %,0,
8860.00,1107.50,14.4127,36.8577,3.25 %,0,
9077.06,1134.63,14.1591,34.8855,1.22 %,0,
9354.79,1169.35,13.6665,34.9789,3.66 %,0,
9428.56,1178.57,13.5819,33.7750,3.47 %,0,
9398.23,1174.78,13.6324,34.0976,2.69 %,0,
9463.36,1182.92,13.5035,37.4594,3.24 %,0,
9418.54,1177.32,13.6022,34.8121,1.56 %,0,
9545.41,1193.18,13.4120,33.1312,3.26 %,0,
9580.01,1197.50,13.3515,33.4645,3.93 %,0,
9593.80,1199.22,13.3500,33.7793,5.16 %,0,
9432.66,1179.08,13.5765,34.6432,4.08 %,0,
9613.83,1201.73,13.2872,32.8137,1.39 %,0,
9275.80,1159.47,13.8288,36.7103,2.62 %,0,
9511.10,1188.89,13.4529,32.9515,3.12 %,0,
9513.11,1189.14,13.4425,33.3521,2.24 %,0,
9577.22,1197.15,13.3741,34.9022,2.93 %,0,
9541.88,1192.74,13.4197,35.5631,3.87 %,0,
9567.53,1195.94,13.3721,33.4387,1.62 %,0,
9591.46,1198.93,13.3307,31.8971,4.25 %,0,
9632.72,1204.09,13.2988,37.7900,5.06 %,0,
9457.11,1182.14,13.5410,33.8580,2.57 %,0,
9600.96,1200.12,13.3360,40.0588,4.80 %,0,
9363.66,1170.46,13.6482,35.4947,2.48 %,0,
9521.86,1190.23,13.4448,35.3529,3.30 %,0,
9621.14,1202.64,13.3125,33.8674,4.22 %,0,
9591.49,1198.94,13.3472,33.3607,3.56 %,0,
9463.98,1183.00,13.5183,32.2528,3.51 %,0,
9693.04,1211.63,13.2113,33.4998,1.84 %,0,
9572.20,1196.52,13.3756,39.1974,3.19 %,0,
9571.35,1196.42,13.3613,29.9279,3.59 %,0,
9256.07,1157.01,13.8198,37.7744,2.81 %,0,
9603.33,1200.42,13.3389,32.5203,3.55 %,0,
9695.27,1211.91,13.2036,32.0202,4.96 %,0,
9636.98,1204.62,13.2823,33.4511,2.33 %,0,
9666.51,1208.31,13.2419,32.9523,2.86 %,0,
9466.74,1183.34,13.5137,32.8451,3.02 %,0,
9342.40,1167.80,13.6800,36.3464,3.88 %,0,
9380.89,1172.61,13.6807,35.4564,2.68 %,0,
9406.08,1175.76,13.5722,33.9219,4.21 %,0,
9075.86,1134.48,14.1258,37.7881,2.20 %,0,
8911.40,1113.92,14.3586,34.6256,3.62 %,0,
9027.99,1128.50,14.1740,35.2244,4.72 %,0,
8874.74,1109.34,14.4188,36.6703,2.40 %,0,
8861.82,1107.73,14.4426,36.0537,3.11 %,0,
8871.58,1108.95,14.4422,38.5998,6.21 %,0,
8871.43,1108.93,14.3816,38.2393,4.02 %,0,
8883.14,1110.39,14.4514,37.2755,4.57 %,0,
8872.05,1109.01,14.4370,43.3550,2.80 %,0,
8900.19,1112.52,14.3758,34.2817,1.92 %,0,
8723.98,1090.50,14.6716,38.2136,2.59 %,0,
8959.06,1119.88,14.2915,35.3944,3.72 %,0,
8956.29,1119.54,14.2929,33.4819,2.92 %,0,
8869.34,1108.67,14.4133,34.3447,2.79 %,0,
8861.68,1107.71,14.4619,38.3476,2.41 %,0,
8877.70,1109.71,14.4007,35.0939,2.45 %,0,
8883.45,1110.43,14.4009,33.6494,3.80 %,0,
8871.15,1108.89,14.4307,35.9846,2.84 %,0,
8876.05,1109.51,14.4160,37.1516,1.40 %,0,
8873.78,1109.22,14.4400,38.2683,1.49 %,0,
8852.43,1106.55,14.4383,35.7632,1.99 %,0,
8889.86,1111.23,14.4171,35.4649,2.76 %,0,
8873.85,1109.23,14.4137,38.2903,3.57 %,0,
8984.26,1123.03,14.2572,41.2998,4.08 %,0,
8885.25,1110.66,14.4064,37.5603,3.53 %,0,
8873.45,1109.18,14.4231,36.0539,3.57 %,0,
8700.24,1087.53,14.7213,35.8949,5.32 %,0,
8770.09,1096.26,14.5929,36.9440,2.51 %,0,
9257.08,1157.13,13.8218,35.6525,3.15 %,0,
9353.08,1169.13,13.6961,34.6826,2.20 %,0,
9391.35,1173.92,13.5928,37.2476,4.25 %,0,
9447.96,1180.99,13.5863,34.0933,2.35 %,0,
9164.20,1145.53,13.9541,36.6420,3.72 %,0,
9365.15,1170.64,13.6861,34.8222,3.58 %,0,
9265.17,1158.15,13.7419,36.8243,3.58 %,0,
9601.43,1200.18,13.3973,32.0213,1.47 %,0,
9597.90,1199.74,13.3350,35.5824,2.74 %,0,
9264.20,1158.03,13.8125,33.2472,4.11 %,0,
9605.94,1200.74,13.3260,35.1115,4.22 %,0,
9609.43,1201.18,13.3136,34.7964,4.07 %,0,
9591.53,1198.94,13.3321,29.9935,1.76 %,0,
9473.75,1184.22,13.5273,29.9087,3.40 %,0,
9655.91,1206.99,13.2610,39.3289,2.17 %,0,
9736.68,1217.08,13.1510,32.1062,3.55 %,0,
9667.89,1208.49,13.2223,39.3372,3.44 %,0,
9586.44,1198.30,13.3667,33.1847,3.42 %,0,
9518.96,1189.87,13.4449,35.9954,3.29 %,0,
9402.93,1175.37,13.5849,33.8756,3.34 %,0,
9390.56,1173.82,13.6473,34.3355,2.85 %,0,
9408.90,1176.11,13.5889,35.8604,1.92 %,0,
9034.95,1129.37,14.1374,36.5714,4.13 %,0,
9060.70,1132.59,14.1767,39.6263,3.78 %,0,
8890.37,1111.30,14.3949,34.4317,2.79 %,0,
8923.06,1115.38,14.3408,34.8964,5.11 %,0,
8961.46,1120.18,14.2915,36.0698,3.86 %,0,
8714.15,1089.27,14.6944,36.1082,3.06 %,0,
8878.65,1109.83,14.3949,39.2381,2.67 %,0,
8938.20,1117.27,14.3379,40.5224,2.98 %,0,
8741.20,1092.65,14.6140,34.0808,2.20 %,0,
9012.08,1126.51,14.2311,34.4020,2.93 %,0,
8951.87,1118.98,14.2939,36.1160,2.52 %,0,
8901.99,1112.75,14.3805,33.7228,2.76 %,0,
8888.75,1111.09,14.3942,38.9279,3.90 %,0,
8970.35,1121.29,14.2793,36.8298,3.03 %,0,
8912.86,1114.11,14.3516,35.9667,3.68 %,0,
8877.36,1109.67,14.4224,37.0366,3.82 %,0,
8886.60,1110.82,14.3754,35.3461,1.97 %,0,
8950.35,1118.79,14.2923,35.6060,3.85 %,0,
8735.89,1091.99,14.6688,37.7522,4.39 %,0,
8932.43,1116.55,14.3514,36.3755,3.47 %,0,
9014.89,1126.86,14.1962,35.0737,2.46 %,0,
8734.37,1091.80,14.6303,38.9339,3.01 %,0,
8705.61,1088.20,14.7255,39.5876,4.10 %,0,
8720.69,1090.09,14.6413,38.1344,3.47 %,0,
8982.58,1122.82,14.2747,40.4534,2.19 %,0,
8940.42,1117.55,14.3198,36.8484,2.44 %,0,
9231.66,1153.96,13.8486,34.0006,2.23 %,0,
9204.41,1150.55,13.9361,35.7066,3.65 %,0,
9570.57,1196.32,13.3767,30.8100,3.61 %,0,
9557.11,1194.64,13.3853,37.7977,2.63 %,0,
9422.92,1177.87,13.5952,36.0640,1.27 %,0,
9548.24,1193.53,13.3469,33.3695,2.53 %,0,
9681.83,1210.23,13.2675,34.2661,2.23 %,0,
9599.21,1199.90,13.3217,31.7766,2.91 %,0,
9577.83,1197.23,13.3849,33.6424,2.42 %,0,
9612.57,1201.57,13.3110,30.5761,2.71 %,0,
9663.69,1207.96,13.2342,39.2254,3.18 %,0,
9675.37,1209.42,13.2489,30.8800,3.29 %,0,
9627.71,1203.46,13.2783,35.9125,3.95 %,0,
9651.99,1206.50,13.2723,32.6343,2.66 %,0,
9580.08,1197.51,13.3461,40.0291,2.30 %,0,
9586.11,1198.26,13.3676,33.3311,3.78 %,0,
9640.60,1205.07,13.2743,31.7255,4.74 %,0,
9659.48,1207.43,13.2410,36.5176,2.85 %,0,
9547.99,1193.50,13.4150,31.8616,2.81 %,0,
9498.85,1187.36,13.4741,35.9885,2.95 %,0,
9592.57,1199.07,13.3459,36.4741,3.13 %,0,
9537.77,1192.22,13.3957,35.8980,3.07 %,0,
9272.87,1159.11,13.8138,35.1427,3.05 %,0,
9749.54,1218.69,13.1506,32.7347,2.62 %,0,
9655.78,1206.97,13.2451,31.4714,4.35 %,0,
9344.21,1168.03,13.6881,36.7117,3.31 %,0,
9402.53,1175.32,13.6283,35.1318,3.76 %,0,
9376.28,1172.03,13.6542,33.5200,2.12 %,0,
9032.94,1129.12,14.1414,36.0867,3.81 %,0,
8908.70,1113.59,14.3854,36.1591,3.42 %,0,
8775.39,1096.92,14.5656,34.9436,3.80 %,0,
8955.63,1119.45,14.2849,35.5960,3.59 %,0,
8959.09,1119.89,14.3005,38.4672,3.53 %,0,
8937.82,1117.23,14.3169,33.9146,3.64 %,0,
8982.18,1122.77,14.2653,36.0357,1.78 %,0,
8874.24,1109.28,14.4318,35.3232,3.87 %,0,
8880.98,1110.12,14.3828,36.8743,3.98 %,0,
8734.38,1091.80,14.6800,38.6068,4.43 %,0,
8835.09,1104.39,14.4799,38.2327,3.01 %,0,
8772.06,1096.51,14.5836,38.8984,4.52 %,0,
8945.78,1118.22,14.3237,39.0384,2.30 %,0,
8897.63,1112.20,14.3776,32.8049,2.99 %,0,
9034.09,1129.26,14.1729,38.0638,2.94 %,0,
8558.83,1069.85,14.9375,40.4156,1.30 %,0,
8975.70,1121.96,14.2633,37.6863,2.31 %,0,
8997.51,1124.69,14.2346,34.5043,5.32 %,0,
8881.70,1110.21,14.4209,36.8435,2.14 %,0,
8986.96,1123.37,14.2328,37.3464,2.39 %,0,
9028.04,1128.51,14.1860,38.0788,0.74 %,0,
8794.02,1099.25,14.5297,37.0413,2.78 %,0,
8844.30,1105.54,14.4746,37.5000,3.69 %,0,
8748.44,1093.55,14.6598,37.8769,2.62 %,0,
8588.48,1073.56,14.8818,38.3184,2.54 %,0,
8688.58,1086.07,14.7420,36.8733,2.99 %,0,
8681.96,1085.24,14.7056,38.2413,2.88 %,0,
8510.71,1063.84,15.0697,35.4257,2.87 %,0,
8890.70,1111.34,14.3982,36.3629,1.88 %,0,
8900.41,1112.55,14.3641,37.5551,4.76 %,0,
8878.82,1109.85,14.4163,40.6141,3.60 %,0,
9120.72,1140.09,14.0659,36.3880,2.21 %,0,
9386.33,1173.29,13.6323,36.7873,2.89 %,0,
9437.53,1179.69,13.5605,34.0249,3.73 %,0,
9409.93,1176.24,13.6104,35.6488,2.86 %,0,
9422.63,1177.83,13.5620,34.9231,2.84 %,0,
9321.59,1165.20,13.7314,35.3404,4.17 %,0,
9375.14,1171.89,13.6698,33.5647,3.45 %,0,
9546.23,1193.28,13.3821,35.0027,3.88 %,0,
9649.57,1206.20,13.2789,31.2912,2.79 %,0,
9666.40,1208.30,13.2556,36.5864,5.57 %,0,
9622.75,1202.84,13.2897,35.2072,2.73 %,0,
9595.23,1199.40,13.3589,35.0463,3.18 %,0,
9655.06,1206.88,13.2411,32.4506,4.72 %,0,
9504.21,1188.03,13.4367,32.8465,1.43 %,0,
9540.68,1192.58,13.4508,34.5798,2.92 %,0,
9639.28,1204.91,13.2883,32.7961,4.06 %,0,
9592.41,1199.05,13.3396,33.5793,2.97 %,0,
9653.43,1206.68,13.2556,33.7139,2.70 %,0,
9644.92,1205.61,13.2818,30.4368,2.11 %,0,
9617.75,1202.22,13.2853,34.2106,1.48 %,0,
9589.06,1198.63,13.3573,34.0633,3.42 %,0,
9757.10,1219.64,13.1267,33.2968,4.84 %,0,
9506.88,1188.36,13.4617,32.5188,2.84 %,0,
9551.36,1193.92,13.3941,33.5168,2.86 %,0,
9445.31,1180.66,13.5399,34.7790,4.67 %,0,
9627.53,1203.44,13.2774,34.2163,1.76 %,0,
9525.69,1190.71,13.4638,32.9074,3.27 %,0,
9353.30,1169.16,13.6965,36.0943,2.93 %,0,
9369.64,1171.20,13.6613,32.9446,3.19 %,0,
9466.20,1183.28,13.5210,34.6063,2.49 %,0,
9350.65,1168.83,13.6865,34.9414,3.11 %,0,
9374.65,1171.83,13.6517,37.8646,2.79 %,0,
9432.65,1179.08,13.5631,42.7214,4.42 %,0,
9345.37,1168.17,13.6939,33.5201,4.31 %,0,
9276.14,1159.52,13.7924,33.8104,2.61 %,0,
8953.04,1119.13,14.2881,33.4812,2.09 %,0,
8859.61,1107.45,14.4643,38.8446,4.05 %,0,
8787.95,1098.49,14.5486,37.9995,3.63 %,0,
8833.11,1104.14,14.4971,39.4610,4.81 %,0,
8978.15,1122.27,14.2605,35.7301,1.93 %,0,
8742.23,1092.78,14.6301,40.7437,2.21 %,0,
8873.45,1109.18,14.4359,35.8711,2.57 %,0,
8985.45,1123.18,14.2427,35.3985,3.72 %,0,
8734.01,1091.75,14.6640,34.2884,4.96 %,0,
8982.21,1122.78,14.2626,38.3627,2.35 %,0,
8935.54,1116.94,14.3101,35.6658,2.79 %,0,
8937.02,1117.13,14.3290,36.9470,3.13 %,0,
8999.72,1124.96,14.2112,41.3699,3.35 %,0,
8723.34,1090.42,14.6557,44.0180,2.77 %,0,
8766.75,1095.84,14.6179,35.0794,3.13 %,0,
8999.64,1124.96,14.2192,37.3425,2.30 %,0,
8940.67,1117.58,14.3126,36.6607,3.98 %,0,
8891.08,1111.39,14.3991,37.1810,4.98 %,0,
8868.10,1108.51,14.4278,40.6770,1.56 %,0,
8705.97,1088.25,14.7031,40.9185,3.11 %,0,
8933.05,1116.63,14.3543,34.2178,2.64 %,0,
8882.33,1110.29,14.3843,35.9293,1.16 %,0,
8883.95,1110.49,14.3847,35.2289,3.51 %,0,
8710.20,1088.77,14.7354,37.4088,3.50 %,0,
8785.32,1098.17,14.5624,36.3942,3.79 %,0,
8651.48,1081.44,14.7961,33.7009,3.29 %,0,
8973.87,1121.73,14.2551,33.9397,6.13 %,0,
8927.38,1115.92,14.3393,36.0638,3.22 %,0,
8960.58,1120.07,14.2866,36.0615,1.89 %,0,
8991.87,1123.98,14.2299,37.9850,2.40 %,0,
9215.83,1151.98,13.8957,34.3914,3.05 %,0,
9325.38,1165.67,13.7248,34.8765,3.07 %,0,
9278.79,1159.85,13.7996,37.5835,4.08 %,0,
9455.20,1181.90,13.5334,34.5064,0.92 %,0,
9534.08,1191.76,13.4362,36.2497,3.57 %,0,
9486.86,1185.86,13.4746,32.1080,1.80 %,0,
9690.17,1211.27,13.2252,33.5264,5.53 %,0,
9626.44,1203.31,13.2914,35.7426,2.31 %,0,
9587.08,1198.39,13.3299,34.6366,2.26 %,0,
9440.27,1180.03,13.5803,40.0970,2.95 %,0,
9688.49,1211.06,13.1931,32.7777,3.68 %,0,
9759.63,1219.95,13.1412,31.3479,2.27 %,0,
9572.98,1196.62,13.3589,36.6269,2.02 %,0,
9602.44,1200.31,13.3397,36.5960,3.78 %,0,
9450.70,1181.34,13.5387,34.6329,4.19 %,0,
9587.15,1198.39,13.3304,34.4345,3.73 %,0,
9642.40,1205.30,13.3025,31.8110,3.50 %,0,
9721.21,1215.15,13.1573,32.9398,4.25 %,0,
9684.58,1210.57,13.2146,33.5771,3.38 %,0,
9607.00,1200.88,13.3326,32.8394,2.81 %,0,
9653.01,1206.63,13.2495,33.4142,2.57 %,0,
9590.41,1198.80,13.3408,37.6444,1.52 %,0,
9484.77,1185.60,13.5033,33.9365,5.26 %,0,
9460.19,1182.52,13.5326,35.6210,2.68 %,0,
9205.95,1150.74,13.9014,33.4065,3.61 %,0,
9354.65,1169.33,13.6747,35.3318,3.36 %,0,
9318.59,1164.82,13.7435,34.6031,2.48 %,0,
9292.69,1161.59,13.7588,38.4978,3.33 %,0,
9126.18,1140.77,14.0392,38.3364,2.55 %,0,
9368.52,1171.06,13.6652,34.6643,5.48 %,0,
8946.94,1118.37,14.3063,37.8822,2.46 %,0,
8726.97,1090.87,14.6474,36.8082,4.57 %,0,
8780.51,1097.56,14.5757,39.9391,2.77 %,0,
8880.90,1110.11,14.4378,39.4540,4.28 %,0,
8918.05,1114.76,14.3411,32.8814,5.69 %,0,
8875.46,1109.43,14.4270,35.9563,2.91 %,0,
8858.82,1107.35,14.4451,35.4755,3.50 %,0,
8887.40,1110.93,14.4075,38.0773,5.30 %,0,
8864.55,1108.07,14.4375,35.1320,2.20 %,0,
8879.57,1109.95,14.4068,32.9418,2.09 %,0,
8931.83,1116.48,14.3354,37.6505,1.56 %,0,
8637.50,1079.69,14.8267,37.9250,3.91 %,0,
8932.38,1116.55,14.3054,37.3218,2.05 %,0,
8896.37,1112.05,14.3788,35.7082,3.01 %,0,
8965.38,1120.67,14.2776,33.6190,4.19 %,0,
8917.70,1114.71,14.3769,34.0749,4.22 %,0,
8783.10,1097.89,14.5770,35.2654,3.07 %,0,
8827.07,1103.38,14.4891,41.7395,3.04 %,0,
8843.88,1105.48,14.4863,35.7927,1.92 %,0,
8785.25,1098.16,14.5612,38.7242,3.77 %,0,
8937.93,1117.24,14.2950,36.2040,4.11 %,0,
8931.73,1116.47,14.3609,38.7755,1.64 %,0,
8955.24,1119.41,14.2808,36.3533,4.04 %,0,
8741.47,1092.68,14.6569,36.3005,3.03 %,0,
8934.58,1116.82,14.3123,34.3724,3.05 %,0,
8848.81,1106.10,14.4854,35.4928,4.51 %,0,
8984.38,1123.05,14.2290,35.9575,2.44 %,0,
8870.94,1108.87,14.4109,39.7517,4.40 %,0,
8933.96,1116.74,14.3573,44.5751,5.30 %,0,
8887.60,1110.95,14.4017,32.8165,1.59 %,0,
8965.74,1120.72,14.2752,39.4064,1.60 %,0,
9017.49,1127.19,14.1904,35.4652,2.37 %,0,
8775.79,1096.97,14.5809,37.1425,2.98 %,0,
8858.50,1107.31,14.4330,35.0363,2.11 %,0,
8886.12,1110.76,14.4155,35.8126,2.23 %,0,
9245.77,1155.72,13.8516,34.0080,4.53 %,0,
9375.30,1171.91,13.6412,37.5728,1.56 %,0,
9349.75,1168.72,13.6997,41.3385,3.99 %,0,
9388.11,1173.51,13.6555,33.8083,2.11 %,0,
9689.52,1211.19,13.2002,33.4194,5.26 %,0,
9588.38,1198.55,13.3267,34.6535,2.00 %,0,
9622.79,1202.85,13.3258,31.8629,3.12 %,0,
9262.94,1157.87,13.8068,32.3638,4.05 %,0,
9609.12,1201.14,13.3156,32.2642,2.55 %,0,
9535.79,1191.97,13.4011,35.7161,4.08 %,0,
9306.82,1163.35,13.7866,34.3173,6.09 %,0,
9203.22,1150.40,13.9014,38.5955,2.98 %,0,
9320.73,1165.09,13.7254,34.3640,3.24 %,0,
9350.24,1168.78,13.7002,35.3765,4.02 %,0,
9644.96,1205.62,13.2610,36.8622,4.65 %,0,
9612.91,1201.61,13.3306,31.3333,3.13 %,0,
9689.88,1211.23,13.1914,31.4616,1.48 %,0,
9592.85,1199.11,13.3566,34.3920,3.27 %,0,
9603.93,1200.49,13.3369,34.3280,3.19 %,0,
9629.16,1203.65,13.2591,32.1650,4.64 %,0,
9689.17,1211.15,13.2279,31.3898,2.99 %,0,
9476.52,1184.56,13.4925,36.4398,2.12 %,0,
9646.73,1205.84,13.2795,31.3371,4.87 %,0,
9645.35,1205.67,13.2735,32.7353,3.81 %,0,
9591.59,1198.95,13.3432,34.9463,3.57 %,0,
9263.28,1157.91,13.8117,37.7204,3.20 %,0,
9653.70,1206.71,13.2768,31.9803,1.72 %,0,
9673.44,1209.18,13.2272,30.2904,4.54 %,0,
9607.54,1200.94,13.3192,41.6826,4.25 %,0,
9595.62,1199.45,13.3287,32.7533,4.07 %,0,
9744.81,1218.10,13.1469,34.4399,1.38 %,0,
9538.53,1192.32,13.4187,32.0485,4.20 %,0,
9374.76,1171.85,13.6500,35.5377,1.49 %,0,
9345.81,1168.23,13.6901,34.6621,3.30 %,0,
9467.31,1183.41,13.5341,37.5277,2.75 %,0,
9365.19,1170.65,13.6444,39.0492,3.17 %,0,
8716.89,1089.61,14.6820,36.7854,3.24 %,0,
8899.80,1112.48,14.3975,35.2328,2.86 %,0,
8887.48,1110.93,14.3862,36.5937,2.77 %,0,
8698.86,1087.36,14.7220,34.2461,2.93 %,0,
8716.63,1089.58,14.6896,38.1449,3.31 %,0,
8714.36,1089.29,14.6660,40.2114,4.57 %,0,
8732.21,1091.53,14.6568,39.8162,2.76 %,0,
8426.11,1053.26,15.2218,36.5339,2.00 %,0,
8635.26,1079.41,14.7989,36.0775,2.38 %,0,
8472.01,1059.00,15.1217,39.4880,4.66 %,0,
8598.91,1074.86,14.8507,39.2984,3.72 %,0,
8500.10,1062.51,15.0969,40.5299,4.26 %,0,
8704.60,1088.08,14.7138,40.7859,2.40 %,0,
8680.19,1085.02,14.7140,36.5605,4.98 %,0,
8728.42,1091.05,14.6849,39.4259,2.67 %,0,
8643.18,1080.40,14.8152,37.0664,1.40 %,0,
8651.06,1081.38,14.7946,35.2606,4.08 %,0,
8693.66,1086.71,14.7258,37.6708,2.48 %,0,
8665.59,1083.20,14.7603,35.1337,1.65 %,0,
8583.33,1072.92,14.9109,38.3850,1.52 %,0,
8792.63,1099.08,14.5491,37.5865,2.31 %,0,
8521.60,1065.20,15.0204,37.0422,1.00 %,0,
8735.67,1091.96,14.6685,34.1731,2.10 %,0,
8650.04,1081.26,14.7998,40.6033,3.28 %,0,
9408.94,1176.12,13.6027,33.4890,4.45 %,0,
9427.44,1178.43,13.5856,33.1283,2.47 %,0,
9674.43,1209.30,13.2108,34.0497,4.32 %,0,
9684.87,1210.61,13.2372,33.6199,2.19 %,0,
9403.55,1175.44,13.6002,36.2447,3.25 %,0,
9608.10,1201.01,13.3293,33.0926,3.51 %,0,
9665.12,1208.14,13.2182,34.5349,3.61 %,0,
9643.08,1205.38,13.3035,32.6636,3.83 %,0,
9633.56,1204.19,13.2841,33.0253,1.59 %,0,
9744.11,1218.01,13.1270,32.8488,2.30 %,0,
9654.35,1206.79,13.2493,35.1820,4.02 %,0,
9487.96,1185.99,13.5033,35.7591,3.27 %,0,
9820.86,1227.61,13.0238,32.9449,2.11 %,0,
9851.07,1231.38,12.9992,30.1367,3.17 %,0,
9642.79,1205.35,13.2704,35.9191,4.35 %,0,
9775.40,1221.92,13.0884,30.8133,4.04 %,0,
9772.47,1221.56,13.1214,34.1806,1.52 %,0,
9622.19,1202.77,13.2865,34.2825,4.81 %,0,
9786.78,1223.35,13.0949,31.6044,2.51 %,0,
9785.49,1223.19,13.0788,30.8192,3.24 %,0,
9775.38,1221.92,13.0654,32.6168,2.21 %,0,
9879.11,1234.89,12.9699,35.1134,3.52 %,0,
9677.53,1209.69,13.2053,36.5088,3.67 %,0,
9698.85,1212.36,13.2000,33.0201,3.37 %,0,
9428.11,1178.51,13.6073,34.2748,3.22 %,0,
9834.37,1229.30,13.0167,37.5902,3.65 %,0,
9906.23,1238.28,12.9171,32.7164,2.32 %,0,
9770.23,1221.28,13.0964,34.3855,3.64 %,0,
9840.29,1230.04,13.0103,35.1249,3.44 %,0,
9908.01,1238.50,12.8951,31.1020,3.12 %,0,
9747.69,1218.46,13.1463,32.5470,2.00 %,0,
9756.67,1219.58,13.1306,32.5875,4.52 %,0,
9469.36,1183.67,13.5140,39.2241,1.71 %,0,
9703.45,1212.93,13.1932,29.1846,4.00 %,0,
9678.17,1209.77,13.2219,34.5149,4.29 %,0,
9605.26,1200.66,13.3166,32.7127,4.19 %,0,
9451.74,1181.47,13.5464,33.4165,3.17 %,0,
9701.49,1212.69,13.1949,32.8963,2.57 %,0,
9397.25,1174.66,13.6300,37.3315,1.71 %,0,
9427.66,1178.46,13.5615,35.1643,3.32 %,0,
9121.76,1140.22,14.0354,36.7549,4.17 %,0,
8999.79,1124.97,14.2092,36.1832,3.53 %,0,
8919.53,1114.94,14.3756,33.2311,2.06 %,0,
8728.82,1091.10,14.6451,36.6897,1.79 %,0,
8722.78,1090.35,14.6819,34.2110,1.97 %,0,
8473.19,1059.15,15.0898,35.4113,3.15 %,0,
8521.79,1065.22,15.0324,33.9333,3.83 %,0,
8691.52,1086.44,14.7115,43.9829,3.24 %,0,
8660.08,1082.51,14.7978,37.8595,2.64 %,0,
8745.63,1093.20,14.6134,34.7703,3.50 %,0,
8646.61,1080.83,14.8011,39.7471,3.40 %,0,
8616.46,1077.06,14.8290,35.2599,2.51 %,0,
8447.91,1055.99,15.2041,39.2277,2.56 %,0,
8500.00,1062.50,15.0342,36.7629,5.22 %,0,
8705.46,1088.18,14.7222,38.8037,4.00 %,0,
8488.78,1061.10,15.0816,35.5517,4.58 %,0,
8646.51,1080.81,14.8087,39.7927,2.76 %,0,
8659.98,1082.50,14.7745,34.7415,2.95 %,0,
8574.29,1071.79,14.9135,35.0467,2.23 %,0,
8436.75,1054.59,15.1902,42.9687,1.49 %,0,
8640.50,1080.06,14.7863,37.6121,3.46 %,0,
8631.37,1078.92,14.8366,38.9118,3.10 %,0,
8730.28,1091.28,14.6710,37.0441,1.66 %,0,
8507.05,1063.38,15.0170,39.3955,6.73 %,0,
8587.45,1073.43,14.9333,41.1284,3.72 %,0,
8537.11,1067.14,14.9537,37.0672,1.84 %,0,
8664.28,1083.03,14.8156,37.7449,4.08 %,0,
8869.18,1108.65,14.4315,36.3881,3.68 %,0,
9436.80,1179.60,13.5659,33.8419,2.31 %,0,
9359.82,1169.98,13.6731,34.3439,3.94 %,0,
9409.56,1176.19,13.6133,34.5915,2.70 %,0,
9500.59,1187.57,13.4730,33.7621,2.56 %,0,
9517.44,1189.68,13.4323,36.6394,3.10 %,0,
9584.65,1198.08,13.3498,37.1750,3.10 %,0,
9612.08,1201.51,13.3334,34.3878,2.12 %,0,
9505.29,1188.16,13.4582,32.9588,3.74 %,0,
9449.80,1181.23,13.5465,33.5067,3.68 %,0,
9580.40,1197.55,13.3617,37.1732,5.79 %,0,
9426.71,1178.34,13.5882,34.6239,4.05 %,0,
9577.44,1197.18,13.3485,36.9277,1.90 %,0,
9526.39,1190.80,13.4503,35.3877,1.75 %,0,
9593.45,1199.18,13.3351,34.3131,4.30 %,0,
9613.60,1201.70,13.3269,37.1751,3.50 %,0,
9609.46,1201.18,13.3176,34.6201,5.51 %,0,
9619.48,1202.44,13.3058,35.8842,4.15 %,0,
9649.27,1206.16,13.2695,32.0986,4.28 %,0,
9585.06,1198.13,13.3511,33.1832,3.37 %,0,
9576.25,1197.03,13.3392,35.3764,3.76 %,0,
9584.96,1198.12,13.3758,36.2898,3.65 %,0,
9575.35,1196.92,13.3711,34.0407,5.05 %,0,
9434.42,1179.30,13.5696,35.2361,3.19 %,0,
9608.50,1201.06,13.3190,32.7210,3.16 %,0,
9422.25,1177.78,13.5606,33.2985,1.51 %,0,
9565.15,1195.64,13.3902,39.8957,4.72 %,0,
9589.23,1198.65,13.3396,32.8590,3.56 %,0,
9632.72,1204.09,13.2951,34.0650,3.65 %,0,
9680.66,1210.08,13.2355,31.8058,1.70 %,0,
9573.18,1196.65,13.3676,33.9648,3.85 %,0,
9446.79,1180.85,13.5385,32.0904,4.66 %,0,
9701.39,1212.67,13.1888,38.3451,2.99 %,0,
9599.66,1199.96,13.3500,35.1986,3.77 %,0,
9547.28,1193.41,13.4077,34.5660,4.00 %,0,
9680.52,1210.06,13.2277,32.2850,3.89 %,0,
9668.64,1208.58,13.2409,33.7953,2.45 %,0,
9457.67,1182.21,13.5203,33.4816,2.11 %,0,
9556.49,1194.56,13.3967,33.2966,3.94 %,0,
9603.29,1200.41,13.3260,35.8083,4.17 %,0,
9356.74,1169.59,13.6831,34.5628,3.61 %,0,
9298.87,1162.36,13.7650,34.3698,3.94 %,0,
9143.03,1142.88,13.9797,32.6978,3.43 %,0,
8908.87,1113.61,14.3788,34.0793,3.94 %,0,
8718.26,1089.78,14.6884,39.2474,1.92 %,0,
8669.23,1083.65,14.7641,39.4887,5.36 %,0,
8785.70,1098.21,14.5616,36.2179,2.38 %,0,
8724.50,1090.56,14.6673,38.6281,4.98 %,0,
8896.27,1112.03,14.3618,35.5162,2.05 %,0,
8956.36,1119.54,14.3126,37.9483,4.05 %,0,
8886.70,1110.84,14.3793,38.0064,2.86 %,0,
8487.36,1060.92,15.1131,37.6268,2.44 %,0,
8756.12,1094.52,14.6236,33.9011,1.89 %,0,
8870.73,1108.84,14.4178,36.0525,3.17 %,0,
8842.13,1105.27,14.4655,37.5332,2.64 %,0,
8781.82,1097.73,14.5913,37.8760,2.64 %,0,
8929.98,1116.25,14.3292,38.6397,3.55 %,0,
8970.23,1121.28,14.2821,36.3141,4.35 %,0,
8760.01,1095.00,14.6035,35.6473,4.71 %,0,
8943.34,1117.92,14.3141,35.0814,3.48 %,0,
8869.07,1108.63,14.4353,36.9055,2.82 %,0,
8872.19,1109.02,14.4145,40.1796,2.55 %,0,
8842.11,1105.26,14.4892,38.1395,3.52 %,0,
8748.85,1093.61,14.5900,36.4212,2.33 %,0,
9000.31,1125.04,14.2617,37.7475,2.71 %,0,
9222.16,1152.77,13.8833,41.4527,3.66 %,0,
9274.25,1159.28,13.7977,31.8394,1.65 %,0,
9354.12,1169.27,13.6799,36.6622,2.74 %,0,
9389.05,1173.63,13.6290,35.2125,2.84 %,0,
9276.65,1159.58,13.8019,32.6298,5.76 %,0,
9411.67,1176.46,13.6068,32.9099,1.76 %,0,
9353.87,1169.23,13.6557,32.1611,2.45 %,0,
9393.18,1174.15,13.6572,32.5904,4.19 %,0,
9369.93,1171.24,13.6558,33.7099,4.04 %,0,
9334.69,1166.84,13.7105,35.7483,2.19 %,0,
9319.53,1164.94,13.7382,33.9044,2.05 %,0,
9365.38,1170.67,13.6399,36.3576,3.70 %,0,
9485.56,1185.70,13.5018,31.4154,3.23 %,0,
9161.42,1145.18,13.9656,37.1056,3.69 %,0,
9271.36,1158.92,13.8174,33.6434,3.20 %,0,
9503.85,1187.98,13.4794,33.5862,3.05 %,0,
9428.52,1178.57,13.5702,41.7170,1.77 %,0,
9540.33,1192.54,13.4088,33.2312,2.68 %,0,
9711.49,1213.94,13.1875,34.9407,3.31 %,0,
9547.92,1193.49,13.4072,37.9039,2.19 %,0,
9314.33,1164.29,13.7531,34.9223,3.37 %,0,
9609.63,1201.20,13.2824,32.8767,1.17 %,0,
9697.78,1212.22,13.2349,32.6286,3.04 %,0,
9661.63,1207.70,13.2373,32.7075,4.03 %,0,
9624.42,1203.05,13.3047,33.3534,3.47 %,0,
9613.88,1201.74,13.3176,32.2415,4.11 %,0,
9667.96,1208.49,13.2324,33.4383,2.89 %,0,
9642.85,1205.36,13.2483,29.3491,2.49 %,0,
9600.60,1200.08,13.3419,35.7615,3.14 %,0,
9573.84,1196.73,13.3781,31.3753,3.38 %,0,
9577.77,1197.22,13.3633,35.2310,3.81 %,0,
9280.68,1160.09,13.7662,33.5080,3.46 %,0,
9576.37,1197.05,13.3879,33.2510,3.47 %,0,
9603.19,1200.40,13.3443,34.0137,3.61 %,0,
9684.83,1210.60,13.2150,37.6498,4.19 %,0,
9725.83,1215.73,13.1569,39.1582,3.55 %,0,
9666.11,1208.26,13.2492,37.1695,2.44 %,0,
9388.13,1173.52,13.6191,35.0731,4.03 %,0,
9596.39,1199.55,13.3466,34.9395,3.64 %,0,
9587.82,1198.48,13.3140,32.1402,3.91 %,0,
9580.62,1197.58,13.3985,35.7378,3.04 %,0,
9494.48,1186.81,13.4603,35.4880,2.54 %,0,
9434.54,1179.32,13.5726,36.1000,2.92 %,0,
9310.99,1163.87,13.7472,32.2936,3.69 %,0,
8850.40,1106.30,14.4641,35.7396,3.74 %,0,
8862.53,1107.82,14.4291,39.2113,2.92 %,0,
8714.16,1089.27,14.6923,37.7396,3.33 %,0,
8351.26,1043.91,15.3310,39.1433,2.62 %,0,
8629.54,1078.69,14.8259,39.5048,2.45 %,0,
8581.78,1072.72,14.8959,43.2455,3.78 %,0,
8572.83,1071.60,14.8782,39.9793,2.78 %,0,
8632.45,1079.06,14.9115,40.1388,3.00 %,0,
8661.86,1082.73,14.7760,37.4406,4.67 %,0,
8644.05,1080.51,14.8168,37.2786,3.57 %,0,
8631.90,1078.99,14.8125,37.9864,3.95 %,0,
8676.23,1084.53,14.7547,39.3110,1.54 %,0,
8698.50,1087.31,14.7244,33.8344,2.65 %,0,
8729.84,1091.23,14.6338,36.7201,3.46 %,0,
8685.05,1085.63,14.7731,42.9459,3.95 %,0,
8682.22,1085.28,14.7334,34.4143,4.10 %,0,
8711.16,1088.89,14.7024,40.1268,2.82 %,0,
8785.37,1098.17,14.5679,34.3318,4.26 %,0,
8998.64,1124.83,14.2039,35.9933,3.67 %,0,
8991.34,1123.92,14.2295,33.6427,3.42 %,0,
9175.32,1146.91,13.9753,42.5909,2.36 %,0,
9333.11,1166.64,13.7139,35.2605,3.63 %,0,
9223.76,1152.97,13.8857,35.6234,5.27 %,0,
9243.04,1155.38,13.8430,36.4879,2.11 %,0,
9655.35,1206.92,13.2330,34.6154,2.70 %,0,
9585.98,1198.25,13.3758,35.0159,2.53 %,0,
9433.46,1179.18,13.5796,38.7083,3.18 %,0,
9572.37,1196.55,13.3704,32.7666,4.74 %,0,
9551.44,1193.93,13.3864,32.5364,3.14 %,0,
9646.22,1205.78,13.2810,35.1798,4.55 %,0,
9450.99,1181.37,13.5352,35.4988,2.44 %,0,
9623.35,1202.92,13.3086,35.9882,2.46 %,0,
9590.11,1198.76,13.3413,34.2366,3.44 %,0,
9610.30,1201.29,13.3276,29.6580,3.07 %,0,
9575.56,1196.94,13.3536,40.5399,2.53 %,0,
9615.49,1201.94,13.3217,31.3563,3.73 %,0,
9620.93,1202.62,13.3015,32.3319,2.24 %,0,
9635.56,1204.45,13.2849,35.3314,4.01 %,0,
9455.70,1181.96,13.5171,36.0394,1.99 %,0,
9595.26,1199.41,13.3413,34.4550,3.62 %,0,
9595.74,1199.47,13.3410,31.7328,4.31 %,0,
9649.66,1206.21,13.2552,38.1671,3.84 %,0,
9498.54,1187.32,13.4857,34.9017,5.60 %,0,
9638.50,1204.81,13.2924,33.6199,2.93 %,0,
9624.85,1203.11,13.2951,34.6399,3.03 %,0,
9602.69,1200.34,13.3309,32.0172,3.68 %,0,
9451.92,1181.49,13.5299,33.9757,3.73 %,0,
9593.32,1199.16,13.3544,35.4416,4.59 %,0,
9537.10,1192.14,13.4033,35.8260,4.50 %,0,
9587.04,1198.38,13.3630,35.5536,2.10 %,0,
9744.39,1218.05,13.1199,32.0230,2.80 %,0,
9605.55,1200.69,13.3365,37.4653,3.34 %,0,
9646.96,1205.87,13.2789,29.1410,3.49 %,0,
9578.75,1197.34,13.3702,33.2553,2.58 %,0,
9342.22,1167.78,13.6896,33.3974,3.62 %,0,
9258.70,1157.34,13.8375,34.4641,2.89 %,0,
9400.59,1175.07,13.5989,36.8556,4.45 %,0,
9325.75,1165.72,13.7254,35.2893,2.93 %,0,
9354.00,1169.25,13.6917,37.3901,1.46 %,0,
9526.55,1190.82,13.4120,32.2528,3.04 %,0,
9507.81,1188.48,13.4880,35.0224,3.26 %,0,
9494.51,1186.81,13.4744,33.3232,4.43 %,0,
8894.37,1111.80,14.3707,39.2757,5.82 %,0,
8900.59,1112.57,14.3920,35.1542,2.34 %,0,
8956.88,1119.61,14.2658,32.8966,4.96 %,0,
8825.86,1103.23,14.4632,38.4863,3.79 %,0,
9003.86,1125.48,14.2643,40.7427,1.50 %,0,
9061.08,1132.63,14.1429,37.0799,2.76 %,0,
8972.80,1121.60,14.2641,36.6219,2.51 %,0,
8552.34,1069.04,14.9719,41.5579,3.39 %,0,
8899.94,1112.49,14.3843,36.1556,2.79 %,0,
8984.51,1123.06,14.2426,33.9986,3.30 %,0,
8877.79,1109.72,14.4193,35.0480,5.26 %,0,
8857.95,1107.24,14.4234,33.6490,2.51 %,0,
8946.52,1118.32,14.3428,36.4889,3.04 %,0,
8809.48,1101.19,14.5210,35.6056,4.30 %,0,
8690.33,1086.29,14.7331,36.2423,2.28 %,0,
8803.39,1100.42,14.5055,33.2698,2.80 %,0,
9034.32,1129.29,14.1792,38.0150,2.15 %,0,
8882.97,1110.37,14.4124,39.6760,3.54 %,0,
8957.93,1119.74,14.2867,40.2947,3.32 %,0,
8845.24,1105.65,14.4489,34.4283,2.40 %,0,
8819.70,1102.46,14.5588,38.4555,1.56 %,0,
8904.56,1113.07,14.3642,35.7132,2.84 %,0,
8870.99,1108.87,14.4317,35.8802,4.18 %,0,
8786.48,1098.31,14.5725,39.2344,2.95 %,0,
8958.07,1119.76,14.2772,36.9268,4.79 %,0,
9060.66,1132.58,14.1336,31.2810,2.94 %,0,
8801.85,1100.23,14.5268,35.4732,6.46 %,0,
8765.88,1095.73,14.6145,42.3682,2.73 %,0,
8927.86,1115.98,14.3267,35.7023,3.27 %,0,
8978.94,1122.37,14.2646,34.9814,4.11 %,0,
9089.21,1136.15,14.0708,35.3985,2.48 %,0,
9378.40,1172.30,13.6603,35.8207,3.97 %,0,
9358.79,1169.85,13.6551,34.7196,3.05 %,0,
9305.56,1163.19,13.7851,39.1334,4.19 %,0,
9329.53,1166.19,13.6975,36.2128,5.07 %,0,
9195.42,1149.43,13.9170,38.8118,3.70 %,0,
9387.20,1173.40,13.6576,32.7943,4.82 %,0,
9236.86,1154.61,13.8389,38.4941,4.27 %,0,
9379.69,1172.46,13.6678,34.1998,1.90 %,0,
9434.38,1179.30,13.5630,33.9575,4.73 %,0,
9355.04,1169.38,13.6650,36.2133,3.47 %,0,
9403.31,1175.41,13.6273,34.9887,3.19 %,0,
9451.17,1181.40,13.5470,36.7735,3.38 %,0,
9461.38,1182.67,13.5213,31.0952,3.59 %,0,
9345.08,1168.13,13.6884,32.4119,2.74 %,0,
9376.66,1172.08,13.6504,33.9318,3.92 %,0,
9343.58,1167.95,13.7076,37.8953,2.14 %,0,
9307.95,1163.49,13.7388,33.0634,1.87 %,0,
9455.21,1181.90,13.5589,35.2241,3.32 %,0,
9348.86,1168.61,13.6733,35.2631,4.60 %,0,
9199.13,1149.89,13.9256,31.8674,2.18 %,0,
9333.05,1166.63,13.7147,38.8367,2.97 %,0,
9217.54,1152.19,13.8791,35.0654,3.33 %,0,
9414.74,1176.84,13.5920,34.5089,3.51 %,0,
9339.82,1167.48,13.7081,34.6166,1.92 %,0,
9379.79,1172.47,13.6583,35.7742,3.54 %,0,
9231.00,1153.88,13.8630,31.4171,3.06 %,0,
9366.49,1170.81,13.6292,32.6494,4.45 %,0,
9316.26,1164.53,13.7741,33.8578,2.85 %,0,
9379.90,1172.49,13.6497,35.1585,2.66 %,0,
9469.72,1183.72,13.5156,33.1088,3.04 %,0,
9340.77,1167.60,13.7061,33.7189,2.07 %,0,
9348.07,1168.51,13.6732,36.0619,3.76 %,0,
9336.68,1167.08,13.7211,33.8540,4.35 %,0,
9366.06,1170.76,13.6627,33.8557,2.16 %,0,
9542.66,1192.83,13.3918,34.2755,4.53 %,0,
0.00,0.00,0.0000,0.0000,0.00 %,0,
